Logs pour stratégie: LoggingExampleStrategy
================================================================================


--- logging_0 ---
[Tick 0] Stratégie initialisée pour logging_0
[Tick 10] Tentative de minage au tick 10
[Tick 16] Choix du parent: genesis (hauteur 0)
[Tick 16] Nouveau bloc accepté: greedy_0_0 de greedy_0, hauteur 1
[Tick 17] Nouveau bloc accepté: basic_0_0 de EMKAMA_0, hauteur 1
[Tick 19] Nouveau bloc accepté: adaptive_0_0 de adaptive_0, hauteur 1
[Tick 20] Tentative de minage au tick 20
[Tick 21] Bloc rejeté: logging_0_0 de basic_5
[Tick 24] Nouveau bloc accepté: EMKAMA_0_0 de basic_1, hauteur 1
[Tick 24] Nouveau bloc accepté: basic_1_0 de basic_1, hauteur 2
[Tick 26] Nouveau bloc accepté: basic_4_0 de basic_3, hauteur 2
[Tick 27] Nouveau bloc accepté: basic_3_0 de basic_3, hauteur 3
[Tick 27] Nouveau bloc accepté: adaptive_0_1 de EMKAMA_0, hauteur 2
[Tick 28] Nouveau bloc accepté: basic_5_0 de basic_3, hauteur 2
[Tick 29] Choix du parent: basic_3_0 (hauteur 3)
[Tick 29] Nouveau bloc accepté: EMKAMA_0_1 de adaptive_0, hauteur 2
[Tick 29] Nouveau bloc accepté: basic_2_0 de greedy_0, hauteur 3
[Tick 30] Tentative de minage au tick 30
[Tick 31] Nouveau bloc accepté: greedy_0_1 de EMKAMA_0, hauteur 3
[Tick 32] Nouveau bloc accepté: basic_0_1 de adaptive_0, hauteur 4
[Tick 33] Nouveau bloc accepté: basic_1_1 de basic_1, hauteur 4
[Tick 34] Bloc rejeté: logging_0_1 de basic_4
[Tick 36] Nouveau bloc accepté: greedy_0_2 de greedy_0, hauteur 5
[Tick 39] Nouveau bloc accepté: EMKAMA_0_2 de basic_4, hauteur 3
[Tick 40] Tentative de minage au tick 40
[Tick 40] Choix du parent: greedy_0_2 (hauteur 5)
[Tick 44] Nouveau bloc accepté: basic_0_2 de basic_0, hauteur 6
[Tick 45] Nouveau bloc accepté: basic_2_1 de basic_5, hauteur 6
[Tick 45] Nouveau bloc accepté: basic_3_1 de basic_4, hauteur 6
[Tick 46] Nouveau bloc accepté: adaptive_0_2 de basic_3, hauteur 5
[Tick 46] Nouveau bloc accepté: basic_4_1 de basic_4, hauteur 7
[Tick 46] Bloc rejeté: logging_0_2 de basic_5
[Tick 47] Nouveau bloc accepté: EMKAMA_0_3 de EMKAMA_0, hauteur 4
[Tick 48] Bloc rejeté: basic_1_2 de basic_1
[Tick 49] Nouveau bloc accepté: basic_5_1 de basic_4, hauteur 6
[Tick 50] Tentative de minage au tick 50
[Tick 58] Nouveau bloc accepté: basic_5_2 de greedy_0, hauteur 7
[Tick 59] Nouveau bloc accepté: EMKAMA_0_4 de EMKAMA_0, hauteur 5
[Tick 59] Bloc rejeté: greedy_0_4 de basic_1
[Tick 60] Tentative de minage au tick 60
[Tick 61] Bloc rejeté: greedy_0_5 de greedy_0
[Tick 62] Nouveau bloc accepté: greedy_0_3 de EMKAMA_0, hauteur 7
[Tick 63] Choix du parent: greedy_0_5 (hauteur 9)
[Tick 64] Bloc rejeté: basic_1_3 de basic_1
[Tick 64] Bloc rejeté: basic_4_2 de adaptive_0
[Tick 65] Nouveau bloc accepté: basic_3_2 de greedy_0, hauteur 8
[Tick 67] Nouveau bloc accepté: basic_5_3 de greedy_0, hauteur 9
[Tick 69] Nouveau bloc accepté: basic_2_2 de basic_2, hauteur 10
[Tick 70] Tentative de minage au tick 70
[Tick 70] Nouveau bloc accepté: basic_0_3 de basic_4, hauteur 9
[Tick 70] Nouveau bloc accepté: adaptive_0_3 de basic_5, hauteur 8
[Tick 72] Nouveau bloc accepté: basic_3_3 de basic_2, hauteur 11
[Tick 74] Bloc rejeté: logging_0_3 de basic_5
[Tick 74] Nouveau bloc accepté: EMKAMA_0_5 de adaptive_0, hauteur 6
[Tick 79] Nouveau bloc accepté: greedy_0_6 de basic_2, hauteur 11
[Tick 79] Nouveau bloc accepté: basic_5_4 de basic_5, hauteur 12
[Tick 80] Tentative de minage au tick 80
[Tick 80] Choix du parent: basic_5_4 (hauteur 12)
[Tick 80] Nouveau bloc accepté: adaptive_0_4 de greedy_0, hauteur 11
[Tick 81] Nouveau bloc accepté: basic_4_3 de basic_4, hauteur 13
[Tick 82] Nouveau bloc accepté: basic_0_4 de adaptive_0, hauteur 12
[Tick 83] Nouveau bloc accepté: basic_2_3 de basic_3, hauteur 12
[Tick 85] Nouveau bloc accepté: EMKAMA_0_6 de EMKAMA_0, hauteur 7
[Tick 86] Nouveau bloc accepté: greedy_0_7 de greedy_0, hauteur 13
[Tick 90] Tentative de minage au tick 90
[Tick 90] Nouveau bloc accepté: basic_3_4 de greedy_0, hauteur 13
[Tick 92] Bloc rejeté: logging_0_4 de greedy_0
[Tick 93] Bloc rejeté: greedy_0_8 de greedy_0
[Tick 93] Nouveau bloc accepté: adaptive_0_5 de EMKAMA_0, hauteur 14
[Tick 93] Nouveau bloc accepté: basic_0_5 de basic_1, hauteur 14
[Tick 95] Choix du parent: adaptive_0_5 (hauteur 14)
[Tick 96] Nouveau bloc accepté: basic_2_4 de basic_4, hauteur 14
[Tick 96] Nouveau bloc accepté: EMKAMA_0_7 de basic_1, hauteur 8
[Tick 96] Nouveau bloc accepté: basic_1_4 de basic_0, hauteur 13
[Tick 98] Nouveau bloc accepté: basic_3_5 de basic_3, hauteur 15
[Tick 99] Nouveau bloc accepté: basic_5_5 de EMKAMA_0, hauteur 14
[Tick 99] Nouveau bloc accepté: basic_0_6 de EMKAMA_0, hauteur 15
[Tick 100] Tentative de minage au tick 100
[Tick 101] Bloc rejeté: logging_0_5 de basic_1
[Tick 102] Nouveau bloc accepté: adaptive_0_6 de basic_5, hauteur 15
[Tick 105] Choix du parent: logging_0_5 (hauteur 15)
[Tick 105] Nouveau bloc accepté: EMKAMA_0_8 de basic_1, hauteur 9
[Tick 105] Bloc rejeté: basic_1_5 de basic_1
[Tick 107] Nouveau bloc accepté: basic_2_5 de greedy_0, hauteur 16
[Tick 109] Nouveau bloc accepté: basic_4_4 de basic_4, hauteur 16
[Tick 110] Tentative de minage au tick 110
[Tick 112] Nouveau bloc accepté: basic_4_5 de basic_4, hauteur 17
[Tick 114] Nouveau bloc accepté: basic_0_7 de basic_0, hauteur 18
[Tick 116] Choix du parent: basic_0_7 (hauteur 18)
[Tick 116] Nouveau bloc accepté: adaptive_0_7 de EMKAMA_0, hauteur 17
[Tick 116] Nouveau bloc accepté: basic_5_6 de EMKAMA_0, hauteur 17
[Tick 117] Nouveau bloc accepté: greedy_0_9 de basic_0, hauteur 17
[Tick 117] Nouveau bloc accepté: EMKAMA_0_9 de basic_1, hauteur 10
[Tick 117] Bloc rejeté: logging_0_6 de basic_2
[Tick 118] Nouveau bloc accepté: basic_5_7 de basic_5, hauteur 18
[Tick 119] Nouveau bloc accepté: basic_3_6 de basic_0, hauteur 18
[Tick 120] Tentative de minage au tick 120
[Tick 124] Bloc rejeté: greedy_0_10 de basic_1
[Tick 125] Nouveau bloc accepté: basic_2_6 de basic_2, hauteur 19
[Tick 126] Nouveau bloc accepté: basic_4_6 de basic_4, hauteur 18
[Tick 127] Nouveau bloc accepté: basic_2_7 de basic_2, hauteur 20
[Tick 129] Nouveau bloc accepté: EMKAMA_0_10 de EMKAMA_0, hauteur 11
[Tick 129] Nouveau bloc accepté: basic_0_8 de adaptive_0, hauteur 19
[Tick 129] Bloc rejeté: logging_0_7 de adaptive_0
[Tick 130] Tentative de minage au tick 130
[Tick 130] Choix du parent: basic_2_7 (hauteur 20)
[Tick 134] Bloc rejeté: adaptive_0_8 de basic_1
[Tick 134] Nouveau bloc accepté: greedy_0_11 de greedy_0, hauteur 21
[Tick 135] Nouveau bloc accepté: basic_1_6 de EMKAMA_0, hauteur 20
[Tick 136] Nouveau bloc accepté: basic_3_7 de basic_3, hauteur 22
[Tick 136] Nouveau bloc accepté: basic_5_8 de basic_4, hauteur 22
[Tick 137] Bloc rejeté: logging_0_8 de EMKAMA_0
[Tick 137] Nouveau bloc accepté: basic_0_9 de basic_4, hauteur 22
[Tick 137] Nouveau bloc accepté: EMKAMA_0_11 de basic_5, hauteur 12
[Tick 140] Tentative de minage au tick 140
[Tick 140] Nouveau bloc accepté: basic_4_7 de basic_2, hauteur 21
[Tick 142] Bloc rejeté: greedy_0_13 de greedy_0
[Tick 143] Nouveau bloc accepté: basic_2_8 de basic_2, hauteur 22
[Tick 144] Nouveau bloc accepté: greedy_0_12 de basic_1, hauteur 23
[Tick 144] Nouveau bloc accepté: basic_1_7 de basic_1, hauteur 24
[Tick 149] Nouveau bloc accepté: basic_3_8 de basic_0, hauteur 24
[Tick 150] Tentative de minage au tick 150
[Tick 150] Nouveau bloc accepté: basic_5_9 de basic_5, hauteur 24
[Tick 150] Nouveau bloc accepté: EMKAMA_0_12 de EMKAMA_0, hauteur 13
[Tick 153] Choix du parent: greedy_0_13 (hauteur 24)
[Tick 155] Bloc rejeté: greedy_0_14 de basic_5
[Tick 156] Nouveau bloc accepté: adaptive_0_9 de basic_5, hauteur 25
[Tick 157] Bloc rejeté: logging_0_9 de basic_3
[Tick 157] Nouveau bloc accepté: basic_2_9 de basic_1, hauteur 27
[Tick 158] Nouveau bloc accepté: basic_1_8 de basic_1, hauteur 27
[Tick 160] Tentative de minage au tick 160
[Tick 161] Nouveau bloc accepté: greedy_0_15 de greedy_0, hauteur 28
[Tick 163] Nouveau bloc accepté: basic_4_8 de basic_4, hauteur 26
[Tick 163] Nouveau bloc accepté: EMKAMA_0_13 de basic_0, hauteur 14
[Tick 164] Nouveau bloc accepté: basic_5_10 de EMKAMA_0, hauteur 27
[Tick 165] Choix du parent: greedy_0_15 (hauteur 28)
[Tick 165] Nouveau bloc accepté: basic_0_10 de EMKAMA_0, hauteur 25
[Tick 167] Bloc rejeté: logging_0_10 de basic_1
[Tick 168] Nouveau bloc accepté: adaptive_0_10 de basic_1, hauteur 28
[Tick 168] Nouveau bloc accepté: basic_3_9 de basic_5, hauteur 28
[Tick 169] Nouveau bloc accepté: greedy_0_16 de greedy_0, hauteur 30
[Tick 169] Nouveau bloc accepté: EMKAMA_0_14 de EMKAMA_0, hauteur 15
[Tick 170] Tentative de minage au tick 170
[Tick 170] Nouveau bloc accepté: basic_0_11 de basic_0, hauteur 29
[Tick 170] Nouveau bloc accepté: basic_2_10 de basic_3, hauteur 28
[Tick 172] Bloc rejeté: basic_4_9 de basic_4
[Tick 175] Nouveau bloc accepté: basic_1_9 de basic_3, hauteur 30
[Tick 180] Tentative de minage au tick 180
[Tick 180] Nouveau bloc accepté: basic_5_11 de basic_2, hauteur 32
[Tick 180] Nouveau bloc accepté: basic_0_12 de greedy_0, hauteur 31
[Tick 183] Nouveau bloc accepté: EMKAMA_0_15 de basic_5, hauteur 16
[Tick 184] Choix du parent: basic_5_11 (hauteur 32)
[Tick 184] Nouveau bloc accepté: adaptive_0_11 de basic_2, hauteur 31
[Tick 185] Nouveau bloc accepté: greedy_0_17 de basic_0, hauteur 31
[Tick 186] Nouveau bloc accepté: basic_2_11 de basic_2, hauteur 31
[Tick 188] Nouveau bloc accepté: basic_1_10 de EMKAMA_0, hauteur 33
[Tick 189] Nouveau bloc accepté: EMKAMA_0_16 de EMKAMA_0, hauteur 17
[Tick 190] Tentative de minage au tick 190
[Tick 191] Nouveau bloc accepté: basic_3_10 de basic_5, hauteur 32
[Tick 191] Nouveau bloc accepté: basic_0_13 de basic_0, hauteur 34
[Tick 193] Nouveau bloc accepté: basic_4_10 de greedy_0, hauteur 33
[Tick 195] Bloc rejeté: logging_0_11 de EMKAMA_0
[Tick 195] Nouveau bloc accepté: adaptive_0_12 de EMKAMA_0, hauteur 34
[Tick 195] Bloc rejeté: greedy_0_18 de greedy_0
[Tick 196] Nouveau bloc accepté: basic_2_12 de greedy_0, hauteur 33
[Tick 196] Nouveau bloc accepté: basic_5_12 de basic_5, hauteur 35
[Tick 198] Choix du parent: basic_5_12 (hauteur 35)
[Tick 198] Nouveau bloc accepté: basic_3_11 de basic_4, hauteur 35
[Tick 200] Tentative de minage au tick 200
[Tick 202] Nouveau bloc accepté: EMKAMA_0_17 de EMKAMA_0, hauteur 18
[Tick 203] Nouveau bloc accepté: adaptive_0_13 de adaptive_0, hauteur 36
[Tick 206] Nouveau bloc accepté: greedy_0_19 de EMKAMA_0, hauteur 35
[Tick 207] Nouveau bloc accepté: basic_2_13 de basic_2, hauteur 36
[Tick 209] Bloc rejeté: logging_0_12 de basic_5
[Tick 209] Nouveau bloc accepté: basic_4_11 de basic_2, hauteur 36
[Tick 210] Tentative de minage au tick 210
[Tick 211] Nouveau bloc accepté: basic_5_13 de basic_5, hauteur 36
[Tick 213] Nouveau bloc accepté: basic_1_11 de basic_4, hauteur 36
[Tick 214] Choix du parent: logging_0_12 (hauteur 36)
[Tick 216] Nouveau bloc accepté: basic_0_14 de EMKAMA_0, hauteur 37
[Tick 216] Nouveau bloc accepté: EMKAMA_0_18 de basic_0, hauteur 19
[Tick 219] Nouveau bloc accepté: greedy_0_20 de basic_2, hauteur 37
[Tick 219] Nouveau bloc accepté: greedy_0_21 de greedy_0, hauteur 38
[Tick 220] Tentative de minage au tick 220
[Tick 220] Nouveau bloc accepté: basic_3_12 de basic_5, hauteur 37
[Tick 222] Bloc rejeté: logging_0_13 de basic_0
[Tick 222] Nouveau bloc accepté: basic_2_14 de EMKAMA_0, hauteur 38
[Tick 222] Nouveau bloc accepté: EMKAMA_0_19 de adaptive_0, hauteur 20
[Tick 224] Nouveau bloc accepté: EMKAMA_0_20 de EMKAMA_0, hauteur 21
[Tick 226] Nouveau bloc accepté: basic_4_12 de greedy_0, hauteur 39
[Tick 228] Choix du parent: basic_4_12 (hauteur 39)
[Tick 228] Nouveau bloc accepté: basic_5_14 de greedy_0, hauteur 38
[Tick 228] Nouveau bloc accepté: adaptive_0_14 de basic_4, hauteur 39
[Tick 230] Tentative de minage au tick 230
[Tick 233] Nouveau bloc accepté: basic_0_15 de basic_2, hauteur 39
[Tick 234] Nouveau bloc accepté: basic_1_12 de basic_3, hauteur 39
[Tick 234] Nouveau bloc accepté: basic_5_15 de basic_5, hauteur 40
[Tick 235] Nouveau bloc accepté: basic_2_15 de basic_3, hauteur 40
[Tick 236] Nouveau bloc accepté: greedy_0_22 de EMKAMA_0, hauteur 40
[Tick 237] Bloc rejeté: basic_3_14 de basic_3
[Tick 239] Nouveau bloc accepté: basic_3_13 de greedy_0, hauteur 40
[Tick 240] Tentative de minage au tick 240
[Tick 240] Bloc rejeté: logging_0_14 de basic_1
[Tick 241] Choix du parent: basic_3_14 (hauteur 41)
[Tick 242] Bloc rejeté: basic_4_13 de basic_4
[Tick 242] Nouveau bloc accepté: adaptive_0_15 de basic_0, hauteur 41
[Tick 245] Nouveau bloc accepté: greedy_0_23 de greedy_0, hauteur 41
[Tick 245] Nouveau bloc accepté: EMKAMA_0_21 de EMKAMA_0, hauteur 22
[Tick 245] Nouveau bloc accepté: basic_1_13 de basic_5, hauteur 41
[Tick 248] Nouveau bloc accepté: basic_2_16 de basic_2, hauteur 42
[Tick 248] Bloc rejeté: logging_0_15 de adaptive_0
[Tick 250] Tentative de minage au tick 250
[Tick 250] Nouveau bloc accepté: basic_0_16 de basic_0, hauteur 43
[Tick 250] Nouveau bloc accepté: basic_1_14 de basic_1, hauteur 43
[Tick 251] Nouveau bloc accepté: EMKAMA_0_22 de EMKAMA_0, hauteur 23
[Tick 255] Nouveau bloc accepté: basic_5_16 de EMKAMA_0, hauteur 42
[Tick 256] Nouveau bloc accepté: basic_3_15 de basic_0, hauteur 42
[Tick 260] Tentative de minage au tick 260
[Tick 260] Bloc rejeté: adaptive_0_17 de adaptive_0
[Tick 260] Nouveau bloc accepté: basic_4_14 de basic_4, hauteur 44
[Tick 262] Nouveau bloc accepté: greedy_0_24 de greedy_0, hauteur 43
[Tick 262] Nouveau bloc accepté: EMKAMA_0_23 de basic_3, hauteur 24
[Tick 263] Choix du parent: basic_4_14 (hauteur 44)
[Tick 263] Nouveau bloc accepté: adaptive_0_16 de basic_5, hauteur 43
[Tick 263] Nouveau bloc accepté: basic_5_17 de basic_4, hauteur 44
[Tick 264] Nouveau bloc accepté: basic_3_16 de basic_3, hauteur 44
[Tick 265] Nouveau bloc accepté: basic_2_17 de EMKAMA_0, hauteur 44
[Tick 267] Bloc rejeté: greedy_0_26 de greedy_0
[Tick 267] Nouveau bloc accepté: basic_0_17 de basic_5, hauteur 44
[Tick 270] Tentative de minage au tick 270
[Tick 270] Bloc rejeté: basic_2_18 de basic_2
[Tick 271] Bloc rejeté: greedy_0_27 de greedy_0
[Tick 272] Bloc rejeté: logging_0_16 de basic_0
[Tick 273] Bloc rejeté: basic_1_16 de basic_1
[Tick 273] Nouveau bloc accepté: basic_0_18 de adaptive_0, hauteur 45
[Tick 274] Nouveau bloc accepté: basic_1_15 de greedy_0, hauteur 44
[Tick 275] Nouveau bloc accepté: greedy_0_25 de greedy_0, hauteur 44
[Tick 278] Nouveau bloc accepté: EMKAMA_0_24 de basic_3, hauteur 25
[Tick 280] Tentative de minage au tick 280
[Tick 280] Choix du parent: basic_2_18 (hauteur 46)
[Tick 280] Nouveau bloc accepté: basic_5_18 de basic_5, hauteur 46
[Tick 282] Nouveau bloc accepté: basic_3_17 de basic_2, hauteur 45
[Tick 283] Bloc rejeté: logging_0_17 de basic_2
[Tick 283] Nouveau bloc accepté: basic_1_17 de adaptive_0, hauteur 46
[Tick 286] Nouveau bloc accepté: greedy_0_28 de greedy_0, hauteur 47
[Tick 289] Nouveau bloc accepté: basic_4_15 de basic_3, hauteur 47
[Tick 290] Tentative de minage au tick 290
[Tick 291] Nouveau bloc accepté: adaptive_0_18 de EMKAMA_0, hauteur 47
[Tick 291] Nouveau bloc accepté: greedy_0_29 de basic_0, hauteur 48
[Tick 291] Bloc rejeté: basic_2_19 de basic_2
[Tick 292] Nouveau bloc accepté: basic_0_19 de basic_0, hauteur 48
[Tick 292] Nouveau bloc accepté: basic_1_18 de basic_1, hauteur 47
[Tick 292] Nouveau bloc accepté: EMKAMA_0_25 de adaptive_0, hauteur 26
[Tick 293] Nouveau bloc accepté: EMKAMA_0_26 de EMKAMA_0, hauteur 27
[Tick 295] Nouveau bloc accepté: basic_3_18 de basic_4, hauteur 48
[Tick 295] Nouveau bloc accepté: basic_5_19 de basic_3, hauteur 48
[Tick 295] Nouveau bloc accepté: basic_3_19 de basic_3, hauteur 49
[Tick 298] Nouveau bloc accepté: greedy_0_30 de basic_0, hauteur 49
[Tick 299] Choix du parent: basic_2_19 (hauteur 49)
[Tick 300] Tentative de minage au tick 300
[Tick 302] Bloc rejeté: basic_4_16 de basic_2
[Tick 303] Nouveau bloc accepté: adaptive_0_19 de basic_2, hauteur 50
[Tick 306] Choix du parent: basic_4_16 (hauteur 51)
[Tick 306] Nouveau bloc accepté: basic_5_20 de basic_5, hauteur 52
[Tick 308] Nouveau bloc accepté: basic_1_19 de basic_1, hauteur 50
[Tick 309] Nouveau bloc accepté: greedy_0_31 de greedy_0, hauteur 51
[Tick 309] Nouveau bloc accepté: EMKAMA_0_27 de EMKAMA_0, hauteur 28
[Tick 310] Tentative de minage au tick 310
[Tick 312] Bloc rejeté: logging_0_19 de EMKAMA_0
[Tick 313] Nouveau bloc accepté: basic_3_20 de basic_3, hauteur 53
[Tick 314] Nouveau bloc accepté: basic_0_20 de adaptive_0, hauteur 50
[Tick 314] Bloc rejeté: logging_0_18 de basic_1
[Tick 316] Nouveau bloc accepté: EMKAMA_0_28 de adaptive_0, hauteur 29
[Tick 318] Nouveau bloc accepté: greedy_0_32 de greedy_0, hauteur 53
[Tick 319] Choix du parent: basic_3_20 (hauteur 53)
[Tick 320] Tentative de minage au tick 320
[Tick 320] Nouveau bloc accepté: basic_5_21 de adaptive_0, hauteur 53
[Tick 320] Nouveau bloc accepté: adaptive_0_20 de EMKAMA_0, hauteur 53
[Tick 320] Nouveau bloc accepté: basic_4_17 de basic_3, hauteur 53
[Tick 322] Nouveau bloc accepté: adaptive_0_21 de adaptive_0, hauteur 54
[Tick 323] Nouveau bloc accepté: basic_2_20 de basic_1, hauteur 53
[Tick 324] Nouveau bloc accepté: EMKAMA_0_29 de EMKAMA_0, hauteur 30
[Tick 324] Nouveau bloc accepté: greedy_0_33 de adaptive_0, hauteur 54
[Tick 326] Nouveau bloc accepté: basic_1_20 de basic_1, hauteur 54
[Tick 327] Nouveau bloc accepté: basic_0_21 de basic_0, hauteur 54
[Tick 329] Bloc rejeté: logging_0_20 de basic_1
[Tick 330] Tentative de minage au tick 330
[Tick 330] Nouveau bloc accepté: EMKAMA_0_30 de EMKAMA_0, hauteur 31
[Tick 333] Choix du parent: logging_0_20 (hauteur 54)
[Tick 333] Nouveau bloc accepté: basic_2_21 de basic_2, hauteur 55
[Tick 336] Nouveau bloc accepté: basic_5_22 de basic_2, hauteur 56
[Tick 337] Nouveau bloc accepté: basic_4_18 de basic_5, hauteur 55
[Tick 338] Nouveau bloc accepté: greedy_0_34 de basic_2, hauteur 55
[Tick 340] Tentative de minage au tick 340
[Tick 342] Nouveau bloc accepté: basic_4_19 de basic_4, hauteur 57
[Tick 342] Nouveau bloc accepté: greedy_0_35 de basic_3, hauteur 56
[Tick 343] Bloc rejeté: logging_0_21 de basic_4
[Tick 343] Nouveau bloc accepté: basic_3_21 de basic_2, hauteur 56
[Tick 344] Nouveau bloc accepté: basic_1_21 de basic_5, hauteur 56
[Tick 344] Nouveau bloc accepté: adaptive_0_22 de basic_5, hauteur 56
[Tick 347] Bloc rejeté: basic_0_23 de basic_1
[Tick 347] Nouveau bloc accepté: basic_5_23 de basic_5, hauteur 58
[Tick 348] Nouveau bloc accepté: EMKAMA_0_31 de basic_3, hauteur 32
[Tick 348] Nouveau bloc accepté: basic_4_20 de basic_4, hauteur 58
[Tick 348] Nouveau bloc accepté: basic_2_22 de basic_0, hauteur 57
[Tick 349] Nouveau bloc accepté: basic_0_22 de basic_3, hauteur 57
[Tick 350] Tentative de minage au tick 350
[Tick 351] Nouveau bloc accepté: EMKAMA_0_32 de EMKAMA_0, hauteur 33
[Tick 352] Choix du parent: basic_5_23 (hauteur 58)
[Tick 353] Nouveau bloc accepté: greedy_0_36 de basic_1, hauteur 57
[Tick 355] Nouveau bloc accepté: basic_3_22 de basic_1, hauteur 59
[Tick 357] Nouveau bloc accepté: adaptive_0_23 de basic_0, hauteur 59
[Tick 357] Nouveau bloc accepté: basic_1_22 de basic_0, hauteur 59
[Tick 358] Nouveau bloc accepté: greedy_0_37 de basic_3, hauteur 59
[Tick 360] Tentative de minage au tick 360
[Tick 360] Nouveau bloc accepté: EMKAMA_0_33 de EMKAMA_0, hauteur 34
[Tick 362] Bloc rejeté: logging_0_22 de basic_5
[Tick 362] Nouveau bloc accepté: basic_0_24 de adaptive_0, hauteur 60
[Tick 362] Nouveau bloc accepté: basic_4_21 de EMKAMA_0, hauteur 60
[Tick 364] Choix du parent: basic_0_24 (hauteur 60)
[Tick 364] Nouveau bloc accepté: basic_2_23 de basic_2, hauteur 61
[Tick 365] Nouveau bloc accepté: greedy_0_38 de basic_0, hauteur 60
[Tick 366] Nouveau bloc accepté: EMKAMA_0_34 de EMKAMA_0, hauteur 35
[Tick 368] Nouveau bloc accepté: basic_0_25 de basic_5, hauteur 61
[Tick 369] Nouveau bloc accepté: basic_5_24 de basic_0, hauteur 62
[Tick 370] Tentative de minage au tick 370
[Tick 373] Nouveau bloc accepté: basic_4_22 de basic_4, hauteur 62
[Tick 373] Nouveau bloc accepté: greedy_0_39 de EMKAMA_0, hauteur 61
[Tick 374] Nouveau bloc accepté: basic_1_23 de adaptive_0, hauteur 63
[Tick 375] Nouveau bloc accepté: basic_2_24 de basic_0, hauteur 62
[Tick 375] Nouveau bloc accepté: greedy_0_40 de greedy_0, hauteur 63
[Tick 376] Choix du parent: basic_1_23 (hauteur 63)
[Tick 376] Bloc rejeté: logging_0_23 de basic_4
[Tick 376] Nouveau bloc accepté: basic_2_25 de basic_2, hauteur 64
[Tick 377] Nouveau bloc accepté: basic_3_23 de basic_0, hauteur 63
[Tick 379] Nouveau bloc accepté: adaptive_0_24 de basic_3, hauteur 62
[Tick 380] Tentative de minage au tick 380
[Tick 380] Nouveau bloc accepté: basic_4_23 de basic_4, hauteur 64
[Tick 383] Bloc rejeté: logging_0_24 de greedy_0
[Tick 384] Nouveau bloc accepté: basic_0_26 de basic_0, hauteur 63
[Tick 385] Nouveau bloc accepté: EMKAMA_0_35 de greedy_0, hauteur 36
[Tick 385] Nouveau bloc accepté: basic_3_24 de basic_3, hauteur 65
[Tick 388] Nouveau bloc accepté: basic_5_25 de basic_5, hauteur 64
[Tick 389] Nouveau bloc accepté: greedy_0_41 de basic_3, hauteur 65
[Tick 390] Tentative de minage au tick 390
[Tick 393] Nouveau bloc accepté: basic_0_27 de basic_0, hauteur 65
[Tick 394] Choix du parent: basic_3_24 (hauteur 65)
[Tick 395] Nouveau bloc accepté: EMKAMA_0_36 de EMKAMA_0, hauteur 37
[Tick 397] Nouveau bloc accepté: basic_2_26 de basic_2, hauteur 65
[Tick 397] Nouveau bloc accepté: basic_5_26 de basic_5, hauteur 65
[Tick 397] Nouveau bloc accepté: basic_4_24 de basic_1, hauteur 65
[Tick 398] Nouveau bloc accepté: basic_1_24 de basic_4, hauteur 66
[Tick 400] Tentative de minage au tick 400
[Tick 400] Bloc rejeté: logging_0_25 de basic_4
[Tick 402] Nouveau bloc accepté: basic_2_27 de basic_2, hauteur 66
[Tick 405] Nouveau bloc accepté: adaptive_0_25 de adaptive_0, hauteur 65
[Tick 405] Nouveau bloc accepté: EMKAMA_0_37 de adaptive_0, hauteur 38
[Tick 405] Nouveau bloc accepté: adaptive_0_26 de basic_0, hauteur 67
[Tick 406] Nouveau bloc accepté: basic_0_28 de basic_0, hauteur 66
[Tick 406] Nouveau bloc accepté: greedy_0_42 de greedy_0, hauteur 66
[Tick 407] Nouveau bloc accepté: basic_3_25 de basic_3, hauteur 67
[Tick 407] Nouveau bloc accepté: EMKAMA_0_38 de basic_1, hauteur 39
[Tick 408] Nouveau bloc accepté: basic_5_27 de basic_2, hauteur 67
[Tick 410] Tentative de minage au tick 410
[Tick 410] Choix du parent: adaptive_0_26 (hauteur 67)
[Tick 411] Nouveau bloc accepté: basic_0_29 de basic_3, hauteur 68
[Tick 414] Bloc rejeté: logging_0_26 de adaptive_0
[Tick 416] Nouveau bloc accepté: basic_4_25 de basic_4, hauteur 69
[Tick 418] Nouveau bloc accepté: basic_2_28 de basic_2, hauteur 68
[Tick 418] Nouveau bloc accepté: adaptive_0_27 de basic_5, hauteur 68
[Tick 419] Nouveau bloc accepté: EMKAMA_0_39 de adaptive_0, hauteur 40
[Tick 419] Nouveau bloc accepté: greedy_0_43 de basic_2, hauteur 68
[Tick 420] Tentative de minage au tick 420
[Tick 421] Nouveau bloc accepté: greedy_0_44 de greedy_0, hauteur 69
[Tick 421] Nouveau bloc accepté: basic_0_30 de basic_0, hauteur 70
[Tick 422] Nouveau bloc accepté: basic_1_25 de adaptive_0, hauteur 69
[Tick 422] Nouveau bloc accepté: EMKAMA_0_40 de EMKAMA_0, hauteur 41
[Tick 426] Nouveau bloc accepté: basic_5_28 de EMKAMA_0, hauteur 71
[Tick 428] Nouveau bloc accepté: basic_3_26 de basic_3, hauteur 70
[Tick 428] Nouveau bloc accepté: greedy_0_45 de basic_3, hauteur 70
[Tick 430] Tentative de minage au tick 430
[Tick 433] Choix du parent: basic_5_28 (hauteur 71)
[Tick 433] Bloc rejeté: EMKAMA_0_42 de EMKAMA_0
[Tick 435] Nouveau bloc accepté: basic_1_26 de adaptive_0, hauteur 71
[Tick 436] Nouveau bloc accepté: EMKAMA_0_41 de basic_3, hauteur 42
[Tick 437] Nouveau bloc accepté: basic_4_26 de basic_0, hauteur 72
[Tick 437] Nouveau bloc accepté: greedy_0_46 de basic_2, hauteur 72
[Tick 439] Bloc rejeté: logging_0_27 de adaptive_0
[Tick 440] Tentative de minage au tick 440
[Tick 440] Nouveau bloc accepté: adaptive_0_28 de EMKAMA_0, hauteur 72
[Tick 440] Nouveau bloc accepté: basic_2_29 de greedy_0, hauteur 70
[Tick 443] Nouveau bloc accepté: basic_1_27 de basic_1, hauteur 73
[Tick 446] Nouveau bloc accepté: basic_5_29 de basic_4, hauteur 73
[Tick 447] Nouveau bloc accepté: basic_3_27 de basic_3, hauteur 73
[Tick 448] Choix du parent: basic_1_27 (hauteur 73)
[Tick 448] Nouveau bloc accepté: basic_4_27 de basic_1, hauteur 73
[Tick 449] Nouveau bloc accepté: basic_0_31 de basic_5, hauteur 73
[Tick 450] Tentative de minage au tick 450
[Tick 450] Nouveau bloc accepté: basic_1_28 de basic_1, hauteur 74
[Tick 450] Nouveau bloc accepté: basic_2_30 de basic_3, hauteur 73
[Tick 450] Nouveau bloc accepté: adaptive_0_29 de adaptive_0, hauteur 74
[Tick 453] Nouveau bloc accepté: basic_2_31 de basic_2, hauteur 74
[Tick 454] Bloc rejeté: logging_0_28 de basic_4
[Tick 457] Nouveau bloc accepté: EMKAMA_0_43 de basic_2, hauteur 44
[Tick 457] Nouveau bloc accepté: greedy_0_47 de EMKAMA_0, hauteur 74
[Tick 458] Nouveau bloc accepté: basic_3_28 de basic_3, hauteur 75
[Tick 459] Choix du parent: basic_3_28 (hauteur 75)
[Tick 460] Tentative de minage au tick 460
[Tick 461] Nouveau bloc accepté: adaptive_0_30 de greedy_0, hauteur 75
[Tick 462] Nouveau bloc accepté: basic_1_29 de basic_1, hauteur 76
[Tick 463] Nouveau bloc accepté: greedy_0_48 de greedy_0, hauteur 75
[Tick 466] Bloc rejeté: logging_0_29 de basic_4
[Tick 468] Nouveau bloc accepté: basic_0_32 de basic_4, hauteur 76
[Tick 468] Nouveau bloc accepté: EMKAMA_0_44 de adaptive_0, hauteur 45
[Tick 470] Tentative de minage au tick 470
[Tick 470] Nouveau bloc accepté: greedy_0_49 de greedy_0, hauteur 76
[Tick 471] Nouveau bloc accepté: basic_4_29 de greedy_0, hauteur 77
[Tick 473] Choix du parent: basic_4_29 (hauteur 77)
[Tick 473] Nouveau bloc accepté: basic_5_30 de EMKAMA_0, hauteur 76
[Tick 474] Nouveau bloc accepté: basic_4_28 de basic_5, hauteur 75
[Tick 477] Nouveau bloc accepté: basic_3_29 de greedy_0, hauteur 78
[Tick 478] Nouveau bloc accepté: EMKAMA_0_45 de basic_3, hauteur 46
[Tick 478] Nouveau bloc accepté: basic_1_30 de greedy_0, hauteur 78
[Tick 478] Nouveau bloc accepté: adaptive_0_31 de adaptive_0, hauteur 79
[Tick 479] Bloc rejeté: logging_0_30 de adaptive_0
[Tick 480] Tentative de minage au tick 480
[Tick 481] Nouveau bloc accepté: greedy_0_50 de greedy_0, hauteur 78
[Tick 482] Nouveau bloc accepté: basic_2_32 de basic_2, hauteur 78
[Tick 482] Nouveau bloc accepté: basic_4_30 de basic_1, hauteur 78
[Tick 483] Nouveau bloc accepté: basic_0_33 de basic_0, hauteur 79
[Tick 484] Nouveau bloc accepté: greedy_0_51 de greedy_0, hauteur 80
[Tick 486] Nouveau bloc accepté: EMKAMA_0_46 de EMKAMA_0, hauteur 47
[Tick 487] Nouveau bloc accepté: basic_5_31 de adaptive_0, hauteur 79
[Tick 489] Nouveau bloc accepté: basic_4_31 de basic_5, hauteur 80
[Tick 490] Tentative de minage au tick 490
[Tick 490] Choix du parent: greedy_0_51 (hauteur 80)
[Tick 496] Nouveau bloc accepté: basic_2_33 de basic_2, hauteur 81
[Tick 497] Nouveau bloc accepté: basic_3_30 de basic_2, hauteur 81
[Tick 498] Nouveau bloc accepté: greedy_0_52 de adaptive_0, hauteur 81
[Tick 500] Tentative de minage au tick 500
[Tick 500] Bloc rejeté: logging_0_31 de basic_0
[Tick 500] Nouveau bloc accepté: basic_0_34 de basic_0, hauteur 82
[Tick 501] Nouveau bloc accepté: basic_1_31 de EMKAMA_0, hauteur 81
[Tick 502] Nouveau bloc accepté: basic_5_32 de basic_5, hauteur 82
[Tick 502] Nouveau bloc accepté: EMKAMA_0_47 de EMKAMA_0, hauteur 48
[Tick 505] Nouveau bloc accepté: adaptive_0_32 de basic_0, hauteur 82
[Tick 506] Nouveau bloc accepté: basic_3_31 de basic_3, hauteur 82
[Tick 508] Nouveau bloc accepté: basic_4_32 de basic_0, hauteur 83
[Tick 508] Nouveau bloc accepté: basic_1_32 de basic_1, hauteur 83
[Tick 509] Choix du parent: basic_4_32 (hauteur 83)
[Tick 509] Nouveau bloc accepté: greedy_0_53 de basic_5, hauteur 82
[Tick 510] Tentative de minage au tick 510
[Tick 510] Nouveau bloc accepté: EMKAMA_0_48 de basic_4, hauteur 49
[Tick 511] Nouveau bloc accepté: basic_5_33 de basic_5, hauteur 83
[Tick 512] Nouveau bloc accepté: basic_2_34 de basic_2, hauteur 84
[Tick 514] Nouveau bloc accepté: greedy_0_54 de basic_4, hauteur 84
[Tick 518] Nouveau bloc accepté: adaptive_0_33 de basic_4, hauteur 83
[Tick 518] Nouveau bloc accepté: EMKAMA_0_49 de EMKAMA_0, hauteur 50
[Tick 520] Tentative de minage au tick 520
[Tick 520] Bloc rejeté: basic_3_32 de greedy_0
[Tick 522] Bloc rejeté: logging_0_32 de basic_1
[Tick 523] Nouveau bloc accepté: greedy_0_55 de greedy_0, hauteur 85
[Tick 524] Choix du parent: basic_3_32 (hauteur 86)
[Tick 524] Nouveau bloc accepté: basic_5_34 de basic_5, hauteur 85
[Tick 524] Nouveau bloc accepté: basic_0_35 de basic_0, hauteur 86
[Tick 526] Bloc rejeté: basic_1_34 de basic_1
[Tick 527] Nouveau bloc accepté: basic_4_33 de basic_4, hauteur 86
[Tick 530] Tentative de minage au tick 530
[Tick 530] Nouveau bloc accepté: greedy_0_56 de greedy_0, hauteur 87
[Tick 530] Nouveau bloc accepté: adaptive_0_34 de basic_4, hauteur 86
[Tick 531] Nouveau bloc accepté: greedy_0_57 de greedy_0, hauteur 88
[Tick 533] Nouveau bloc accepté: basic_1_33 de basic_4, hauteur 85
[Tick 534] Choix du parent: greedy_0_57 (hauteur 88)
[Tick 536] Nouveau bloc accepté: basic_3_33 de basic_3, hauteur 87
[Tick 538] Nouveau bloc accepté: EMKAMA_0_50 de basic_4, hauteur 51
[Tick 538] Nouveau bloc accepté: basic_2_35 de greedy_0, hauteur 88
[Tick 538] Bloc rejeté: logging_0_33 de basic_3
[Tick 539] Nouveau bloc accepté: adaptive_0_35 de basic_4, hauteur 88
[Tick 540] Tentative de minage au tick 540
[Tick 540] Nouveau bloc accepté: basic_5_35 de basic_0, hauteur 89
[Tick 542] Bloc rejeté: logging_0_34 de adaptive_0
[Tick 544] Nouveau bloc accepté: EMKAMA_0_51 de greedy_0, hauteur 52
[Tick 544] Nouveau bloc accepté: adaptive_0_36 de adaptive_0, hauteur 90
[Tick 545] Nouveau bloc accepté: basic_1_35 de basic_1, hauteur 90
[Tick 545] Nouveau bloc accepté: basic_4_34 de basic_4, hauteur 90
[Tick 547] Choix du parent: adaptive_0_36 (hauteur 90)
[Tick 550] Tentative de minage au tick 550
[Tick 551] Nouveau bloc accepté: greedy_0_58 de basic_1, hauteur 91
[Tick 552] Nouveau bloc accepté: basic_1_36 de basic_0, hauteur 91
[Tick 554] Bloc rejeté: basic_3_34 de basic_3
[Tick 556] Bloc rejeté: logging_0_35 de EMKAMA_0
[Tick 557] Nouveau bloc accepté: basic_5_36 de adaptive_0, hauteur 91
[Tick 557] Nouveau bloc accepté: EMKAMA_0_52 de greedy_0, hauteur 53
[Tick 557] Bloc rejeté: basic_1_37 de basic_1
[Tick 558] Nouveau bloc accepté: basic_0_36 de basic_2, hauteur 90
[Tick 559] Choix du parent: basic_3_34 (hauteur 92)
[Tick 560] Tentative de minage au tick 560
[Tick 561] Nouveau bloc accepté: basic_2_36 de greedy_0, hauteur 92
[Tick 561] Nouveau bloc accepté: basic_0_37 de basic_3, hauteur 92
[Tick 562] Nouveau bloc accepté: EMKAMA_0_53 de EMKAMA_0, hauteur 54
[Tick 562] Nouveau bloc accepté: basic_4_35 de basic_4, hauteur 94
[Tick 563] Nouveau bloc accepté: greedy_0_59 de greedy_0, hauteur 92
[Tick 563] Nouveau bloc accepté: basic_5_37 de basic_5, hauteur 93
[Tick 564] Nouveau bloc accepté: basic_0_38 de basic_0, hauteur 95
[Tick 568] Nouveau bloc accepté: EMKAMA_0_54 de EMKAMA_0, hauteur 55
[Tick 569] Nouveau bloc accepté: greedy_0_60 de greedy_0, hauteur 93
[Tick 570] Tentative de minage au tick 570
[Tick 570] Choix du parent: basic_0_38 (hauteur 95)
[Tick 574] Nouveau bloc accepté: greedy_0_61 de greedy_0, hauteur 95
[Tick 575] Nouveau bloc accepté: adaptive_0_37 de basic_4, hauteur 95
[Tick 576] Nouveau bloc accepté: basic_2_37 de basic_2, hauteur 96
[Tick 576] Nouveau bloc accepté: basic_1_38 de basic_2, hauteur 96
[Tick 577] Nouveau bloc accepté: basic_5_38 de basic_4, hauteur 96
[Tick 578] Bloc rejeté: logging_0_36 de basic_3
[Tick 578] Nouveau bloc accepté: adaptive_0_38 de adaptive_0, hauteur 97
[Tick 580] Tentative de minage au tick 580
[Tick 580] Nouveau bloc accepté: basic_3_35 de basic_2, hauteur 95
[Tick 580] Nouveau bloc accepté: EMKAMA_0_55 de EMKAMA_0, hauteur 56
[Tick 583] Bloc rejeté: logging_0_37 de basic_4
[Tick 585] Nouveau bloc accepté: basic_4_36 de greedy_0, hauteur 97
[Tick 585] Nouveau bloc accepté: basic_0_39 de basic_0, hauteur 98
[Tick 587] Choix du parent: basic_0_39 (hauteur 98)
[Tick 589] Nouveau bloc accepté: basic_1_39 de basic_1, hauteur 98
[Tick 589] Nouveau bloc accepté: greedy_0_62 de EMKAMA_0, hauteur 98
[Tick 590] Tentative de minage au tick 590
[Tick 590] Nouveau bloc accepté: greedy_0_63 de basic_5, hauteur 99
[Tick 592] Nouveau bloc accepté: basic_5_39 de basic_5, hauteur 100
[Tick 594] Nouveau bloc accepté: EMKAMA_0_56 de basic_0, hauteur 57
[Tick 595] Nouveau bloc accepté: basic_3_36 de basic_0, hauteur 99
[Tick 596] Choix du parent: basic_5_39 (hauteur 100)
[Tick 598] Nouveau bloc accepté: greedy_0_64 de basic_5, hauteur 100
[Tick 599] Nouveau bloc accepté: basic_2_38 de basic_2, hauteur 98
[Tick 599] Bloc rejeté: logging_0_38 de EMKAMA_0
[Tick 600] Tentative de minage au tick 600
[Tick 601] Bloc rejeté: logging_0_39 de basic_4
[Tick 603] Nouveau bloc accepté: adaptive_0_39 de basic_3, hauteur 101
[Tick 604] Nouveau bloc accepté: basic_4_37 de basic_4, hauteur 99
[Tick 605] Nouveau bloc accepté: basic_0_40 de basic_2, hauteur 101
[Tick 606] Nouveau bloc accepté: basic_1_40 de basic_1, hauteur 102
[Tick 607] Nouveau bloc accepté: basic_2_39 de basic_2, hauteur 102
[Tick 607] Nouveau bloc accepté: EMKAMA_0_57 de basic_5, hauteur 58
[Tick 607] Nouveau bloc accepté: EMKAMA_0_58 de EMKAMA_0, hauteur 59
[Tick 608] Nouveau bloc accepté: greedy_0_65 de greedy_0, hauteur 103
[Tick 610] Tentative de minage au tick 610
[Tick 612] Choix du parent: greedy_0_65 (hauteur 103)
[Tick 613] Nouveau bloc accepté: basic_3_37 de basic_4, hauteur 103
[Tick 614] Nouveau bloc accepté: basic_4_38 de basic_4, hauteur 104
[Tick 616] Nouveau bloc accepté: basic_5_40 de basic_3, hauteur 103
[Tick 616] Nouveau bloc accepté: adaptive_0_40 de basic_5, hauteur 102
[Tick 618] Bloc rejeté: logging_0_40 de adaptive_0
[Tick 618] Nouveau bloc accepté: basic_5_41 de basic_5, hauteur 104
[Tick 620] Tentative de minage au tick 620
[Tick 620] Nouveau bloc accepté: basic_1_41 de EMKAMA_0, hauteur 104
[Tick 622] Nouveau bloc accepté: basic_0_41 de basic_0, hauteur 104
[Tick 623] Nouveau bloc accepté: EMKAMA_0_59 de basic_3, hauteur 60
[Tick 624] Nouveau bloc accepté: greedy_0_66 de adaptive_0, hauteur 104
[Tick 626] Nouveau bloc accepté: basic_5_42 de basic_5, hauteur 105
[Tick 627] Choix du parent: basic_5_42 (hauteur 105)
[Tick 627] Nouveau bloc accepté: basic_2_40 de basic_0, hauteur 104
[Tick 627] Nouveau bloc accepté: adaptive_0_41 de adaptive_0, hauteur 105
[Tick 628] Nouveau bloc accepté: basic_3_38 de basic_3, hauteur 105
[Tick 629] Nouveau bloc accepté: greedy_0_67 de greedy_0, hauteur 105
[Tick 630] Tentative de minage au tick 630
[Tick 631] Nouveau bloc accepté: basic_0_42 de basic_0, hauteur 106
[Tick 636] Nouveau bloc accepté: basic_2_41 de basic_3, hauteur 106
[Tick 636] Nouveau bloc accepté: basic_2_42 de basic_2, hauteur 107
[Tick 637] Nouveau bloc accepté: EMKAMA_0_60 de basic_0, hauteur 61
[Tick 638] Bloc rejeté: logging_0_41 de basic_0
[Tick 638] Nouveau bloc accepté: basic_1_42 de EMKAMA_0, hauteur 107
[Tick 638] Nouveau bloc accepté: greedy_0_68 de basic_0, hauteur 107
[Tick 639] Nouveau bloc accepté: basic_4_39 de basic_4, hauteur 107
[Tick 640] Tentative de minage au tick 640
[Tick 641] Nouveau bloc accepté: basic_0_43 de basic_0, hauteur 108
[Tick 642] Choix du parent: basic_0_43 (hauteur 108)
[Tick 643] Nouveau bloc accepté: basic_3_39 de basic_3, hauteur 108
[Tick 643] Nouveau bloc accepté: basic_5_43 de greedy_0, hauteur 108
[Tick 645] Nouveau bloc accepté: EMKAMA_0_61 de EMKAMA_0, hauteur 62
[Tick 646] Nouveau bloc accepté: adaptive_0_42 de adaptive_0, hauteur 108
[Tick 649] Bloc rejeté: logging_0_42 de basic_1
[Tick 650] Tentative de minage au tick 650
[Tick 651] Nouveau bloc accepté: basic_2_43 de basic_0, hauteur 109
[Tick 651] Nouveau bloc accepté: basic_4_40 de basic_4, hauteur 109
[Tick 653] Nouveau bloc accepté: greedy_0_69 de EMKAMA_0, hauteur 109
[Tick 655] Nouveau bloc accepté: basic_1_43 de basic_1, hauteur 110
[Tick 656] Nouveau bloc accepté: basic_5_44 de basic_1, hauteur 109
[Tick 656] Nouveau bloc accepté: EMKAMA_0_62 de greedy_0, hauteur 63
[Tick 656] Nouveau bloc accepté: basic_2_44 de basic_0, hauteur 110
[Tick 658] Nouveau bloc accepté: EMKAMA_0_63 de EMKAMA_0, hauteur 64
[Tick 660] Tentative de minage au tick 660
[Tick 660] Nouveau bloc accepté: adaptive_0_43 de adaptive_0, hauteur 111
[Tick 663] Nouveau bloc accepté: greedy_0_70 de basic_3, hauteur 111
[Tick 664] Choix du parent: adaptive_0_43 (hauteur 111)
[Tick 666] Nouveau bloc accepté: basic_5_45 de greedy_0, hauteur 111
[Tick 666] Nouveau bloc accepté: basic_0_44 de basic_3, hauteur 111
[Tick 668] Nouveau bloc accepté: EMKAMA_0_64 de basic_5, hauteur 65
[Tick 670] Tentative de minage au tick 670
[Tick 674] Bloc rejeté: logging_0_43 de basic_0
[Tick 675] Nouveau bloc accepté: basic_1_44 de basic_1, hauteur 112
[Tick 675] Nouveau bloc accepté: basic_3_40 de adaptive_0, hauteur 112
[Tick 677] Nouveau bloc accepté: greedy_0_71 de basic_5, hauteur 113
[Tick 678] Choix du parent: greedy_0_71 (hauteur 113)
[Tick 679] Nouveau bloc accepté: basic_2_45 de basic_2, hauteur 113
[Tick 680] Tentative de minage au tick 680
[Tick 681] Nouveau bloc accepté: EMKAMA_0_65 de EMKAMA_0, hauteur 66
[Tick 682] Nouveau bloc accepté: basic_3_41 de basic_3, hauteur 113
[Tick 683] Nouveau bloc accepté: basic_4_41 de basic_4, hauteur 113
[Tick 684] Nouveau bloc accepté: adaptive_0_44 de adaptive_0, hauteur 112
[Tick 684] Nouveau bloc accepté: greedy_0_72 de greedy_0, hauteur 114
[Tick 686] Nouveau bloc accepté: basic_0_45 de EMKAMA_0, hauteur 114
[Tick 687] Nouveau bloc accepté: basic_5_46 de basic_5, hauteur 115
[Tick 687] Nouveau bloc accepté: basic_1_45 de basic_2, hauteur 115
[Tick 689] Bloc rejeté: logging_0_44 de basic_5
[Tick 690] Tentative de minage au tick 690
[Tick 690] Nouveau bloc accepté: greedy_0_73 de greedy_0, hauteur 115
[Tick 692] Choix du parent: basic_5_46 (hauteur 115)
[Tick 692] Nouveau bloc accepté: EMKAMA_0_66 de EMKAMA_0, hauteur 67
[Tick 693] Nouveau bloc accepté: basic_3_42 de basic_3, hauteur 116
[Tick 693] Nouveau bloc accepté: basic_4_42 de basic_1, hauteur 115
[Tick 696] Nouveau bloc accepté: EMKAMA_0_67 de EMKAMA_0, hauteur 68
[Tick 697] Nouveau bloc accepté: basic_2_46 de basic_2, hauteur 116
[Tick 697] Nouveau bloc accepté: greedy_0_74 de EMKAMA_0, hauteur 117
[Tick 699] Nouveau bloc accepté: adaptive_0_45 de adaptive_0, hauteur 115
[Tick 700] Tentative de minage au tick 700
[Tick 701] Bloc rejeté: logging_0_45 de basic_5
[Tick 704] Nouveau bloc accepté: basic_5_47 de basic_5, hauteur 117
[Tick 704] Nouveau bloc accepté: basic_0_46 de adaptive_0, hauteur 117
[Tick 704] Nouveau bloc accepté: greedy_0_75 de EMKAMA_0, hauteur 118
[Tick 704] Nouveau bloc accepté: basic_3_43 de basic_0, hauteur 117
[Tick 705] Choix du parent: greedy_0_75 (hauteur 118)
[Tick 708] Nouveau bloc accepté: basic_1_46 de basic_3, hauteur 119
[Tick 709] Nouveau bloc accepté: EMKAMA_0_68 de greedy_0, hauteur 69
[Tick 710] Tentative de minage au tick 710
[Tick 710] Nouveau bloc accepté: basic_4_43 de basic_1, hauteur 118
[Tick 711] Nouveau bloc accepté: adaptive_0_46 de basic_4, hauteur 117
[Tick 711] Bloc rejeté: logging_0_46 de EMKAMA_0
[Tick 713] Nouveau bloc accepté: basic_0_47 de EMKAMA_0, hauteur 119
[Tick 714] Nouveau bloc accepté: basic_3_44 de basic_3, hauteur 120
[Tick 716] Nouveau bloc accepté: greedy_0_76 de greedy_0, hauteur 120
[Tick 716] Nouveau bloc accepté: basic_5_48 de EMKAMA_0, hauteur 120
[Tick 717] Nouveau bloc accepté: EMKAMA_0_69 de adaptive_0, hauteur 70
[Tick 718] Nouveau bloc accepté: basic_2_47 de greedy_0, hauteur 120
[Tick 719] Choix du parent: basic_3_44 (hauteur 120)
[Tick 719] Nouveau bloc accepté: basic_1_47 de basic_0, hauteur 121
[Tick 720] Tentative de minage au tick 720
[Tick 721] Nouveau bloc accepté: basic_3_45 de basic_3, hauteur 121
[Tick 722] Nouveau bloc accepté: EMKAMA_0_70 de basic_3, hauteur 71
[Tick 723] Nouveau bloc accepté: basic_2_48 de basic_2, hauteur 121
[Tick 724] Nouveau bloc accepté: basic_5_49 de EMKAMA_0, hauteur 121
[Tick 724] Nouveau bloc accepté: EMKAMA_0_71 de EMKAMA_0, hauteur 72
[Tick 725] Nouveau bloc accepté: adaptive_0_47 de basic_4, hauteur 121
[Tick 727] Nouveau bloc accepté: basic_4_44 de basic_5, hauteur 122
[Tick 729] Nouveau bloc accepté: adaptive_0_48 de adaptive_0, hauteur 123
[Tick 729] Bloc rejeté: logging_0_47 de greedy_0
[Tick 730] Tentative de minage au tick 730
[Tick 732] Choix du parent: adaptive_0_48 (hauteur 123)
[Tick 732] Nouveau bloc accepté: basic_0_48 de basic_0, hauteur 122
[Tick 733] Nouveau bloc accepté: basic_5_50 de EMKAMA_0, hauteur 122
[Tick 736] Nouveau bloc accepté: greedy_0_77 de greedy_0, hauteur 122
[Tick 736] Bloc rejeté: greedy_0_78 de greedy_0
[Tick 738] Nouveau bloc accepté: basic_1_48 de basic_2, hauteur 124
[Tick 738] Bloc rejeté: logging_0_48 de basic_2
[Tick 739] Nouveau bloc accepté: basic_2_49 de basic_2, hauteur 124
[Tick 739] Nouveau bloc accepté: EMKAMA_0_72 de EMKAMA_0, hauteur 73
[Tick 740] Tentative de minage au tick 740
[Tick 741] Nouveau bloc accepté: basic_4_45 de basic_4, hauteur 124
[Tick 741] Nouveau bloc accepté: EMKAMA_0_73 de adaptive_0, hauteur 74
[Tick 741] Nouveau bloc accepté: basic_2_50 de basic_2, hauteur 125
[Tick 743] Nouveau bloc accepté: basic_3_46 de adaptive_0, hauteur 124
[Tick 744] Nouveau bloc accepté: basic_0_49 de basic_0, hauteur 125
[Tick 745] Nouveau bloc accepté: basic_5_51 de basic_5, hauteur 125
[Tick 748] Bloc rejeté: basic_4_46 de basic_4
[Tick 750] Tentative de minage au tick 750
[Tick 752] Choix du parent: greedy_0_78 (hauteur 125)
[Tick 752] Nouveau bloc accepté: EMKAMA_0_74 de EMKAMA_0, hauteur 75
[Tick 755] Nouveau bloc accepté: adaptive_0_49 de basic_4, hauteur 126
[Tick 756] Nouveau bloc accepté: basic_0_50 de basic_0, hauteur 127
[Tick 757] Nouveau bloc accepté: basic_3_47 de greedy_0, hauteur 126
[Tick 757] Nouveau bloc accepté: basic_2_51 de adaptive_0, hauteur 128
[Tick 758] Bloc rejeté: logging_0_49 de basic_5
[Tick 758] Nouveau bloc accepté: basic_5_52 de basic_4, hauteur 128
[Tick 758] Nouveau bloc accepté: basic_3_48 de basic_3, hauteur 128
[Tick 759] Nouveau bloc accepté: basic_1_49 de EMKAMA_0, hauteur 127
[Tick 760] Tentative de minage au tick 760
[Tick 762] Nouveau bloc accepté: adaptive_0_50 de adaptive_0, hauteur 129
[Tick 763] Nouveau bloc accepté: greedy_0_79 de greedy_0, hauteur 127
[Tick 766] Nouveau bloc accepté: basic_4_47 de basic_4, hauteur 129
[Tick 767] Nouveau bloc accepté: greedy_0_80 de adaptive_0, hauteur 128
[Tick 767] Nouveau bloc accepté: basic_1_50 de basic_4, hauteur 129
[Tick 770] Tentative de minage au tick 770
[Tick 770] Nouveau bloc accepté: greedy_0_81 de greedy_0, hauteur 129
[Tick 773] Choix du parent: adaptive_0_50 (hauteur 129)
[Tick 775] Nouveau bloc accepté: basic_0_51 de basic_0, hauteur 130
[Tick 777] Nouveau bloc accepté: EMKAMA_0_75 de EMKAMA_0, hauteur 76
[Tick 777] Nouveau bloc accepté: basic_2_52 de basic_2, hauteur 129
[Tick 777] Nouveau bloc accepté: basic_3_49 de greedy_0, hauteur 130
[Tick 780] Tentative de minage au tick 780
[Tick 780] Nouveau bloc accepté: basic_5_53 de basic_4, hauteur 130
[Tick 780] Nouveau bloc accepté: basic_1_51 de adaptive_0, hauteur 130
[Tick 782] Nouveau bloc accepté: EMKAMA_0_76 de basic_2, hauteur 77
[Tick 783] Bloc rejeté: logging_0_50 de EMKAMA_0
[Tick 787] Nouveau bloc accepté: adaptive_0_51 de basic_2, hauteur 131
[Tick 789] Nouveau bloc accepté: basic_0_52 de basic_0, hauteur 132
[Tick 789] Bloc rejeté: basic_2_54 de basic_2
[Tick 790] Tentative de minage au tick 790
[Tick 791] Nouveau bloc accepté: greedy_0_82 de basic_1, hauteur 131
[Tick 791] Nouveau bloc accepté: basic_4_48 de greedy_0, hauteur 131
[Tick 792] Nouveau bloc accepté: EMKAMA_0_77 de adaptive_0, hauteur 78
[Tick 792] Nouveau bloc accepté: basic_2_53 de basic_0, hauteur 131
[Tick 793] Nouveau bloc accepté: adaptive_0_52 de adaptive_0, hauteur 132
[Tick 794] Choix du parent: basic_0_52 (hauteur 132)
[Tick 797] Nouveau bloc accepté: basic_4_49 de basic_4, hauteur 133
[Tick 800] Tentative de minage au tick 800
[Tick 800] Nouveau bloc accepté: EMKAMA_0_78 de EMKAMA_0, hauteur 79
[Tick 800] Nouveau bloc accepté: basic_1_52 de basic_2, hauteur 132
[Tick 800] Nouveau bloc accepté: greedy_0_83 de basic_5, hauteur 132
[Tick 801] Nouveau bloc accepté: basic_5_54 de EMKAMA_0, hauteur 133
[Tick 803] Nouveau bloc accepté: basic_3_50 de basic_3, hauteur 133
[Tick 803] Nouveau bloc accepté: basic_0_53 de basic_0, hauteur 133
[Tick 806] Nouveau bloc accepté: basic_2_55 de basic_2, hauteur 134
[Tick 806] Nouveau bloc accepté: EMKAMA_0_79 de adaptive_0, hauteur 80
[Tick 807] Choix du parent: basic_2_55 (hauteur 134)
[Tick 808] Nouveau bloc accepté: basic_1_53 de basic_1, hauteur 134
[Tick 809] Nouveau bloc accepté: greedy_0_84 de greedy_0, hauteur 134
[Tick 810] Tentative de minage au tick 810
[Tick 810] Nouveau bloc accepté: adaptive_0_53 de adaptive_0, hauteur 135
[Tick 810] Bloc rejeté: basic_3_51 de basic_3
[Tick 811] Bloc rejeté: logging_0_52 de basic_2
[Tick 812] Nouveau bloc accepté: basic_0_54 de basic_0, hauteur 134
[Tick 812] Bloc rejeté: logging_0_51 de EMKAMA_0
[Tick 814] Choix du parent: logging_0_52 (hauteur 135)
[Tick 814] Nouveau bloc accepté: greedy_0_85 de greedy_0, hauteur 135
[Tick 815] Nouveau bloc accepté: basic_4_50 de adaptive_0, hauteur 134
[Tick 815] Nouveau bloc accepté: basic_5_55 de basic_4, hauteur 135
[Tick 818] Nouveau bloc accepté: EMKAMA_0_80 de EMKAMA_0, hauteur 81
[Tick 820] Tentative de minage au tick 820
[Tick 820] Nouveau bloc accepté: basic_1_54 de basic_0, hauteur 136
[Tick 821] Nouveau bloc accepté: greedy_0_86 de greedy_0, hauteur 136
[Tick 822] Nouveau bloc accepté: basic_3_52 de adaptive_0, hauteur 137
[Tick 824] Choix du parent: basic_3_52 (hauteur 137)
[Tick 824] Nouveau bloc accepté: basic_0_55 de basic_0, hauteur 137
[Tick 826] Nouveau bloc accepté: basic_4_51 de basic_4, hauteur 137
[Tick 827] Nouveau bloc accepté: basic_1_55 de basic_1, hauteur 137
[Tick 828] Bloc rejeté: logging_0_53 de EMKAMA_0
[Tick 828] Nouveau bloc accepté: basic_2_56 de EMKAMA_0, hauteur 136
[Tick 830] Tentative de minage au tick 830
[Tick 830] Nouveau bloc accepté: adaptive_0_54 de basic_3, hauteur 137
[Tick 830] Nouveau bloc accepté: EMKAMA_0_81 de basic_1, hauteur 82
[Tick 832] Bloc rejeté: logging_0_54 de EMKAMA_0
[Tick 833] Bloc rejeté: basic_5_56 de basic_5
[Tick 833] Nouveau bloc accepté: basic_2_57 de EMKAMA_0, hauteur 138
[Tick 834] Nouveau bloc accepté: greedy_0_87 de basic_1, hauteur 138
[Tick 836] Nouveau bloc accepté: basic_0_56 de EMKAMA_0, hauteur 138
[Tick 836] Nouveau bloc accepté: basic_1_56 de basic_1, hauteur 140
[Tick 836] Nouveau bloc accepté: basic_0_57 de basic_0, hauteur 140
[Tick 840] Tentative de minage au tick 840
[Tick 840] Bloc rejeté: basic_2_58 de basic_2
[Tick 841] Nouveau bloc accepté: EMKAMA_0_82 de basic_0, hauteur 83
[Tick 842] Nouveau bloc accepté: basic_3_53 de basic_0, hauteur 140
[Tick 844] Choix du parent: basic_2_58 (hauteur 141)
[Tick 844] Nouveau bloc accepté: basic_4_52 de basic_4, hauteur 139
[Tick 849] Nouveau bloc accepté: basic_5_57 de EMKAMA_0, hauteur 140
[Tick 849] Bloc rejeté: basic_5_58 de basic_5
[Tick 850] Tentative de minage au tick 850
[Tick 850] Nouveau bloc accepté: greedy_0_88 de basic_1, hauteur 141
[Tick 850] Bloc rejeté: logging_0_55 de basic_2
[Tick 853] Bloc rejeté: adaptive_0_56 de adaptive_0
[Tick 854] Nouveau bloc accepté: adaptive_0_55 de basic_0, hauteur 141
[Tick 855] Nouveau bloc accepté: basic_2_59 de basic_1, hauteur 142
[Tick 857] Nouveau bloc accepté: greedy_0_89 de EMKAMA_0, hauteur 142
[Tick 857] Nouveau bloc accepté: basic_1_57 de basic_5, hauteur 142
[Tick 857] Nouveau bloc accepté: EMKAMA_0_83 de basic_5, hauteur 84
[Tick 858] Choix du parent: logging_0_55 (hauteur 142)
[Tick 858] Nouveau bloc accepté: basic_3_54 de EMKAMA_0, hauteur 143
[Tick 859] Bloc rejeté: basic_1_58 de basic_1
[Tick 860] Tentative de minage au tick 860
[Tick 861] Nouveau bloc accepté: basic_0_58 de basic_3, hauteur 143
[Tick 862] Bloc rejeté: basic_2_60 de basic_2
[Tick 863] Nouveau bloc accepté: basic_4_53 de basic_3, hauteur 143
[Tick 865] Bloc rejeté: logging_0_56 de basic_4
[Tick 866] Nouveau bloc accepté: basic_5_59 de greedy_0, hauteur 144
[Tick 867] Choix du parent: basic_1_58 (hauteur 144)
[Tick 867] Nouveau bloc accepté: greedy_0_90 de basic_5, hauteur 144
[Tick 869] Bloc rejeté: EMKAMA_0_85 de EMKAMA_0
[Tick 870] Tentative de minage au tick 870
[Tick 871] Nouveau bloc accepté: adaptive_0_57 de greedy_0, hauteur 145
[Tick 872] Nouveau bloc accepté: basic_4_54 de basic_0, hauteur 145
[Tick 873] Nouveau bloc accepté: EMKAMA_0_84 de EMKAMA_0, hauteur 85
[Tick 875] Bloc rejeté: logging_0_57 de basic_1
[Tick 876] Nouveau bloc accepté: greedy_0_91 de greedy_0, hauteur 146
[Tick 877] Nouveau bloc accepté: basic_1_59 de basic_1, hauteur 146
[Tick 879] Nouveau bloc accepté: EMKAMA_0_86 de EMKAMA_0, hauteur 87
[Tick 880] Tentative de minage au tick 880
[Tick 880] Nouveau bloc accepté: basic_3_55 de adaptive_0, hauteur 146
[Tick 880] Nouveau bloc accepté: basic_0_59 de basic_2, hauteur 146
[Tick 881] Bloc rejeté: greedy_0_92 de greedy_0
[Tick 881] Nouveau bloc accepté: basic_2_61 de EMKAMA_0, hauteur 147
[Tick 882] Choix du parent: greedy_0_92 (hauteur 148)
[Tick 885] Nouveau bloc accepté: basic_5_60 de basic_5, hauteur 148
[Tick 886] Nouveau bloc accepté: basic_3_56 de basic_3, hauteur 149
[Tick 886] Nouveau bloc accepté: basic_2_62 de EMKAMA_0, hauteur 148
[Tick 888] Nouveau bloc accepté: basic_0_60 de basic_0, hauteur 149
[Tick 889] Nouveau bloc accepté: basic_4_55 de basic_4, hauteur 147
[Tick 889] Bloc rejeté: logging_0_58 de greedy_0
[Tick 890] Tentative de minage au tick 890
[Tick 891] Nouveau bloc accepté: adaptive_0_58 de basic_5, hauteur 147
[Tick 894] Nouveau bloc accepté: basic_4_56 de basic_4, hauteur 150
[Tick 895] Nouveau bloc accepté: EMKAMA_0_87 de basic_4, hauteur 88
[Tick 896] Nouveau bloc accepté: greedy_0_93 de basic_5, hauteur 150
[Tick 898] Nouveau bloc accepté: basic_1_60 de greedy_0, hauteur 150
[Tick 899] Nouveau bloc accepté: basic_2_63 de greedy_0, hauteur 151
[Tick 900] Tentative de minage au tick 900
[Tick 902] Nouveau bloc accepté: basic_3_57 de basic_5, hauteur 151
[Tick 903] Choix du parent: basic_2_63 (hauteur 151)
[Tick 903] Nouveau bloc accepté: basic_5_61 de greedy_0, hauteur 151
[Tick 903] Nouveau bloc accepté: EMKAMA_0_88 de basic_3, hauteur 89
[Tick 904] Nouveau bloc accepté: basic_0_61 de adaptive_0, hauteur 151
[Tick 907] Bloc rejeté: logging_0_59 de basic_4
[Tick 908] Nouveau bloc accepté: basic_4_57 de EMKAMA_0, hauteur 152
[Tick 909] Nouveau bloc accepté: adaptive_0_59 de adaptive_0, hauteur 152
[Tick 909] Nouveau bloc accepté: greedy_0_94 de greedy_0, hauteur 152
[Tick 910] Tentative de minage au tick 910
[Tick 911] Nouveau bloc accepté: adaptive_0_60 de adaptive_0, hauteur 153
[Tick 911] Nouveau bloc accepté: EMKAMA_0_89 de EMKAMA_0, hauteur 90
[Tick 914] Nouveau bloc accepté: basic_5_62 de adaptive_0, hauteur 153
[Tick 915] Bloc rejeté: greedy_0_95 de greedy_0
[Tick 916] Nouveau bloc accepté: basic_1_61 de basic_1, hauteur 153
[Tick 916] Nouveau bloc accepté: basic_3_58 de basic_1, hauteur 153
[Tick 917] Nouveau bloc accepté: basic_3_59 de basic_3, hauteur 154
[Tick 918] Choix du parent: greedy_0_95 (hauteur 154)
[Tick 918] Nouveau bloc accepté: basic_2_64 de basic_5, hauteur 153
[Tick 920] Tentative de minage au tick 920
[Tick 920] Nouveau bloc accepté: EMKAMA_0_90 de EMKAMA_0, hauteur 91
[Tick 922] Nouveau bloc accepté: basic_0_62 de EMKAMA_0, hauteur 153
[Tick 924] Nouveau bloc accepté: basic_2_65 de basic_0, hauteur 154
[Tick 926] Nouveau bloc accepté: EMKAMA_0_91 de EMKAMA_0, hauteur 92
[Tick 926] Nouveau bloc accepté: basic_4_58 de EMKAMA_0, hauteur 154
[Tick 928] Choix du parent: logging_0_60 (hauteur 155)
[Tick 928] Nouveau bloc accepté: greedy_0_96 de greedy_0, hauteur 155
[Tick 929] Bloc rejeté: logging_0_60 de basic_2
[Tick 930] Tentative de minage au tick 930
[Tick 930] Nouveau bloc accepté: basic_5_63 de basic_3, hauteur 155
[Tick 930] Nouveau bloc accepté: basic_4_59 de EMKAMA_0, hauteur 155
[Tick 932] Nouveau bloc accepté: basic_3_60 de greedy_0, hauteur 156
[Tick 932] Nouveau bloc accepté: basic_1_62 de EMKAMA_0, hauteur 156
[Tick 934] Nouveau bloc accepté: EMKAMA_0_92 de EMKAMA_0, hauteur 93
[Tick 935] Nouveau bloc accepté: adaptive_0_61 de adaptive_0, hauteur 156
[Tick 935] Bloc rejeté: basic_2_67 de basic_2
[Tick 935] Bloc rejeté: basic_5_64 de basic_5
[Tick 936] Nouveau bloc accepté: basic_2_66 de EMKAMA_0, hauteur 156
[Tick 940] Tentative de minage au tick 940
[Tick 940] Nouveau bloc accepté: basic_0_63 de basic_0, hauteur 157
[Tick 941] Bloc rejeté: logging_0_61 de basic_2
[Tick 942] Choix du parent: basic_2_67 (hauteur 157)
[Tick 942] Nouveau bloc accepté: greedy_0_97 de greedy_0, hauteur 158
[Tick 945] Nouveau bloc accepté: adaptive_0_62 de basic_2, hauteur 158
[Tick 948] Nouveau bloc accepté: EMKAMA_0_93 de EMKAMA_0, hauteur 94
[Tick 950] Tentative de minage au tick 950
[Tick 951] Bloc rejeté: logging_0_62 de basic_2
[Tick 951] Nouveau bloc accepté: basic_1_63 de basic_3, hauteur 158
[Tick 952] Nouveau bloc accepté: basic_5_65 de basic_5, hauteur 159
[Tick 953] Nouveau bloc accepté: EMKAMA_0_94 de EMKAMA_0, hauteur 95
[Tick 954] Nouveau bloc accepté: basic_4_60 de basic_4, hauteur 158
[Tick 956] Nouveau bloc accepté: basic_3_61 de basic_3, hauteur 159
[Tick 958] Nouveau bloc accepté: basic_2_68 de basic_2, hauteur 160
[Tick 958] Nouveau bloc accepté: greedy_0_98 de basic_0, hauteur 160
[Tick 958] Nouveau bloc accepté: basic_4_61 de basic_4, hauteur 160
[Tick 958] Bloc rejeté: basic_5_66 de basic_5
[Tick 959] Nouveau bloc accepté: basic_0_64 de basic_3, hauteur 161
[Tick 960] Tentative de minage au tick 960
[Tick 960] Nouveau bloc accepté: adaptive_0_63 de basic_5, hauteur 160
[Tick 962] Choix du parent: basic_0_64 (hauteur 161)
[Tick 966] Nouveau bloc accepté: basic_3_62 de EMKAMA_0, hauteur 161
[Tick 967] Nouveau bloc accepté: EMKAMA_0_95 de basic_1, hauteur 96
[Tick 968] Nouveau bloc accepté: basic_1_64 de EMKAMA_0, hauteur 162
[Tick 968] Nouveau bloc accepté: basic_2_69 de basic_3, hauteur 161
[Tick 969] Nouveau bloc accepté: basic_5_67 de basic_5, hauteur 163
[Tick 970] Tentative de minage au tick 970
[Tick 970] Bloc rejeté: logging_0_63 de basic_3
[Tick 972] Nouveau bloc accepté: basic_0_65 de basic_0, hauteur 163
[Tick 972] Nouveau bloc accepté: adaptive_0_64 de basic_2, hauteur 162
[Tick 972] Nouveau bloc accepté: basic_3_63 de EMKAMA_0, hauteur 163
[Tick 974] Nouveau bloc accepté: basic_4_62 de basic_5, hauteur 162
[Tick 975] Nouveau bloc accepté: EMKAMA_0_96 de EMKAMA_0, hauteur 97
[Tick 977] Bloc rejeté: greedy_0_100 de greedy_0
[Tick 977] Nouveau bloc accepté: basic_5_68 de basic_4, hauteur 164
[Tick 977] Bloc rejeté: EMKAMA_0_98 de EMKAMA_0
[Tick 978] Nouveau bloc accepté: greedy_0_99 de EMKAMA_0, hauteur 163
[Tick 980] Tentative de minage au tick 980

[Tick 945] Nouveau bloc accepté: conservative_0_45 de conservative_0, hauteur 158
[Tick 945] Nouveau bloc accepté: basic_0_66 de greedy_1, hauteur 158
[Tick 945] Nouveau bloc accepté: EMKAMA_0_97 de greedy_1, hauteur 98
[Tick 946] Bloc rejeté: logging_0_64 de greedy_0
[Tick 946] Nouveau bloc accepté: greedy_1_90 de logging_3, hauteur 158
[Tick 947] Nouveau bloc accepté: basic_0_67 de basic_0, hauteur 160
[Tick 947] Nouveau bloc accepté: EMKAMA_0_98 de EMKAMA_0, hauteur 99
[Tick 948] Nouveau bloc accepté: logging_1_63 de logging_1, hauteur 160
[Tick 949] Nouveau bloc accepté: logging_4_60 de logging_2, hauteur 160
[Tick 949] Nouveau bloc accepté: logging_3_64 de logging_3, hauteur 159
[Tick 950] Tentative de minage au tick 950
[Tick 951] Choix du parent: basic_0_67 (hauteur 160)
[Tick 953] Nouveau bloc accepté: logging_2_65 de EMKAMA_0, hauteur 161
[Tick 953] Nouveau bloc accepté: greedy_1_92 de greedy_1, hauteur 161
[Tick 955] Nouveau bloc accepté: greedy_0_93 de logging_3, hauteur 160
[Tick 958] Nouveau bloc accepté: greedy_1_91 de greedy_1, hauteur 159
[Tick 959] Nouveau bloc accepté: EMKAMA_0_99 de EMKAMA_0, hauteur 100
[Tick 960] Tentative de minage au tick 960
[Tick 962] Nouveau bloc accepté: conservative_0_46 de conservative_0, hauteur 161
[Tick 963] Bloc rejeté: logging_0_65 de greedy_1
[Tick 966] Bloc rejeté: logging_2_66 de logging_2
[Tick 966] Nouveau bloc accepté: logging_3_65 de EMKAMA_0, hauteur 162
[Tick 967] Nouveau bloc accepté: logging_1_64 de logging_1, hauteur 162
[Tick 968] Nouveau bloc accepté: basic_0_68 de logging_1, hauteur 162
[Tick 969] Nouveau bloc accepté: logging_4_61 de logging_4, hauteur 162
[Tick 969] Nouveau bloc accepté: greedy_0_94 de logging_4, hauteur 162
[Tick 970] Tentative de minage au tick 970
[Tick 970] Choix du parent: logging_2_66 (hauteur 163)
[Tick 971] Nouveau bloc accepté: greedy_1_93 de greedy_0, hauteur 163
[Tick 971] Nouveau bloc accepté: logging_3_66 de logging_3, hauteur 164
[Tick 973] Nouveau bloc accepté: greedy_1_94 de greedy_1, hauteur 164
[Tick 973] Nouveau bloc accepté: greedy_0_95 de greedy_1, hauteur 164
[Tick 975] Bloc rejeté: logging_0_66 de logging_3
[Tick 975] Nouveau bloc accepté: basic_0_69 de basic_0, hauteur 165
[Tick 976] Nouveau bloc accepté: logging_1_65 de logging_1, hauteur 163
[Tick 976] Nouveau bloc accepté: EMKAMA_0_100 de greedy_1, hauteur 101
[Tick 977] Nouveau bloc accepté: conservative_0_47 de basic_0, hauteur 164
[Tick 980] Tentative de minage au tick 980
[Tick 980] Nouveau bloc accepté: logging_2_67 de logging_2, hauteur 164
[Tick 986] Nouveau bloc accepté: logging_4_62 de greedy_0, hauteur 165
[Tick 987] Nouveau bloc accepté: EMKAMA_0_101 de EMKAMA_0, hauteur 102
[Tick 988] Nouveau bloc accepté: greedy_1_95 de greedy_1, hauteur 166
[Tick 988] Nouveau bloc accepté: logging_1_66 de logging_1, hauteur 166
[Tick 990] Tentative de minage au tick 990
[Tick 990] Choix du parent: greedy_1_95 (hauteur 166)
[Tick 992] Nouveau bloc accepté: basic_0_70 de basic_0, hauteur 166
[Tick 993] Nouveau bloc accepté: greedy_1_96 de greedy_0, hauteur 167
[Tick 995] Nouveau bloc accepté: greedy_0_96 de greedy_0, hauteur 167
[Tick 995] Nouveau bloc accepté: logging_2_68 de logging_2, hauteur 167
[Tick 995] Nouveau bloc accepté: greedy_1_97 de greedy_1, hauteur 168
[Tick 997] Nouveau bloc accepté: logging_3_67 de logging_1, hauteur 166
[Tick 998] Bloc rejeté: logging_0_67 de EMKAMA_0
[Tick 999] Nouveau bloc accepté: conservative_0_48 de logging_1, hauteur 167
[Tick 1000] Tentative de minage au tick 1000


--- logging_1 ---
[Tick 0] Stratégie initialisée pour logging_1
[Tick 10] Tentative de minage au tick 10
[Tick 17] Nouveau bloc accepté: EMKAMA_0_0 de greedy_1, hauteur 1
[Tick 20] Tentative de minage au tick 20
[Tick 20] Nouveau bloc accepté: logging_4_0 de logging_4, hauteur 2
[Tick 21] Nouveau bloc accepté: greedy_1_0 de basic_0, hauteur 2
[Tick 22] Choix du parent: logging_4_0 (hauteur 2)
[Tick 22] Nouveau bloc accepté: greedy_0_0 de logging_0, hauteur 2
[Tick 22] Nouveau bloc accepté: EMKAMA_0_1 de EMKAMA_0, hauteur 2
[Tick 28] Nouveau bloc accepté: logging_3_0 de logging_3, hauteur 2
[Tick 28] Nouveau bloc accepté: greedy_0_1 de greedy_0, hauteur 4
[Tick 29] Nouveau bloc accepté: EMKAMA_0_2 de logging_4, hauteur 3
[Tick 30] Tentative de minage au tick 30
[Tick 30] Nouveau bloc accepté: logging_2_0 de EMKAMA_0, hauteur 2
[Tick 30] Nouveau bloc accepté: logging_0_0 de greedy_1, hauteur 3
[Tick 31] Nouveau bloc accepté: basic_0_0 de basic_0, hauteur 3
[Tick 31] Bloc rejeté: logging_1_0 de greedy_1
[Tick 34] Choix du parent: greedy_0_1 (hauteur 4)
[Tick 34] Nouveau bloc accepté: greedy_1_1 de greedy_1, hauteur 3
[Tick 38] Nouveau bloc accepté: conservative_0_0 de logging_0, hauteur 4
[Tick 39] Nouveau bloc accepté: logging_4_1 de logging_4, hauteur 3
[Tick 39] Nouveau bloc accepté: EMKAMA_0_3 de EMKAMA_0, hauteur 4
[Tick 39] Nouveau bloc accepté: logging_4_2 de basic_0, hauteur 5
[Tick 39] Nouveau bloc accepté: basic_0_1 de basic_0, hauteur 6
[Tick 40] Tentative de minage au tick 40
[Tick 40] Nouveau bloc accepté: logging_3_1 de logging_3, hauteur 4
[Tick 41] Bloc rejeté: logging_1_1 de greedy_1
[Tick 41] Nouveau bloc accepté: logging_2_1 de basic_0, hauteur 5
[Tick 43] Nouveau bloc accepté: greedy_1_2 de logging_3, hauteur 4
[Tick 44] Nouveau bloc accepté: greedy_1_3 de logging_4, hauteur 6
[Tick 44] Nouveau bloc accepté: EMKAMA_0_4 de EMKAMA_0, hauteur 5
[Tick 46] Nouveau bloc accepté: logging_2_2 de logging_2, hauteur 7
[Tick 46] Nouveau bloc accepté: basic_0_2 de basic_0, hauteur 7
[Tick 47] Nouveau bloc accepté: logging_0_1 de logging_0, hauteur 6
[Tick 48] Choix du parent: logging_2_2 (hauteur 7)
[Tick 49] Nouveau bloc accepté: logging_4_3 de logging_3, hauteur 7
[Tick 50] Tentative de minage au tick 50
[Tick 51] Nouveau bloc accepté: logging_3_2 de logging_3, hauteur 8
[Tick 52] Nouveau bloc accepté: greedy_0_2 de greedy_0, hauteur 6
[Tick 53] Nouveau bloc accepté: greedy_0_3 de basic_0, hauteur 9
[Tick 55] Nouveau bloc accepté: greedy_1_4 de greedy_1, hauteur 8
[Tick 56] Nouveau bloc accepté: conservative_0_1 de logging_4, hauteur 8
[Tick 58] Choix du parent: greedy_0_3 (hauteur 9)
[Tick 58] Nouveau bloc accepté: greedy_1_5 de EMKAMA_0, hauteur 9
[Tick 59] Nouveau bloc accepté: basic_0_3 de basic_0, hauteur 10
[Tick 60] Tentative de minage au tick 60
[Tick 61] Bloc rejeté: logging_1_3 de greedy_0
[Tick 62] Bloc rejeté: logging_1_2 de EMKAMA_0
[Tick 65] Nouveau bloc accepté: EMKAMA_0_5 de EMKAMA_0, hauteur 6
[Tick 65] Nouveau bloc accepté: logging_2_3 de basic_0, hauteur 10
[Tick 66] Bloc rejeté: greedy_0_5 de greedy_0
[Tick 67] Nouveau bloc accepté: greedy_0_4 de greedy_0, hauteur 10
[Tick 67] Nouveau bloc accepté: EMKAMA_0_6 de EMKAMA_0, hauteur 7
[Tick 67] Nouveau bloc accepté: greedy_1_6 de greedy_0, hauteur 11
[Tick 70] Tentative de minage au tick 70
[Tick 70] Nouveau bloc accepté: greedy_1_7 de greedy_1, hauteur 12
[Tick 71] Choix du parent: greedy_1_7 (hauteur 12)
[Tick 71] Nouveau bloc accepté: logging_3_3 de logging_0, hauteur 10
[Tick 74] Nouveau bloc accepté: logging_0_2 de logging_3, hauteur 10
[Tick 75] Nouveau bloc accepté: logging_4_4 de logging_2, hauteur 10
[Tick 75] Nouveau bloc accepté: conservative_0_2 de greedy_1, hauteur 12
[Tick 78] Bloc rejeté: EMKAMA_0_8 de EMKAMA_0
[Tick 79] Bloc rejeté: logging_1_4 de logging_2
[Tick 80] Tentative de minage au tick 80
[Tick 80] Nouveau bloc accepté: EMKAMA_0_7 de EMKAMA_0, hauteur 8
[Tick 80] Nouveau bloc accepté: greedy_0_6 de greedy_0, hauteur 14
[Tick 80] Nouveau bloc accepté: logging_0_3 de greedy_1, hauteur 12
[Tick 82] Nouveau bloc accepté: basic_0_4 de logging_4, hauteur 13
[Tick 85] Nouveau bloc accepté: logging_3_4 de greedy_1, hauteur 14
[Tick 86] Choix du parent: greedy_0_6 (hauteur 14)
[Tick 86] Nouveau bloc accepté: greedy_1_8 de logging_4, hauteur 14
[Tick 90] Tentative de minage au tick 90
[Tick 90] Nouveau bloc accepté: greedy_0_7 de greedy_0, hauteur 15
[Tick 90] Nouveau bloc accepté: logging_3_5 de logging_3, hauteur 15
[Tick 91] Nouveau bloc accepté: logging_4_5 de logging_4, hauteur 15
[Tick 93] Nouveau bloc accepté: greedy_1_9 de logging_4, hauteur 15
[Tick 93] Bloc rejeté: logging_0_4 de basic_0
[Tick 94] Nouveau bloc accepté: greedy_0_8 de greedy_0, hauteur 16
[Tick 95] Choix du parent: greedy_0_8 (hauteur 16)
[Tick 95] Nouveau bloc accepté: logging_2_4 de logging_2, hauteur 14
[Tick 95] Nouveau bloc accepté: basic_0_5 de EMKAMA_0, hauteur 15
[Tick 96] Nouveau bloc accepté: EMKAMA_0_9 de basic_0, hauteur 10
[Tick 97] Nouveau bloc accepté: conservative_0_3 de conservative_0, hauteur 16
[Tick 99] Bloc rejeté: logging_1_5 de logging_2
[Tick 100] Tentative de minage au tick 100
[Tick 100] Nouveau bloc accepté: logging_0_5 de logging_0, hauteur 17
[Tick 103] Nouveau bloc accepté: greedy_1_10 de greedy_1, hauteur 16
[Tick 104] Nouveau bloc accepté: EMKAMA_0_10 de basic_0, hauteur 11
[Tick 104] Nouveau bloc accepté: greedy_0_9 de logging_4, hauteur 17
[Tick 105] Bloc rejeté: logging_4_6 de logging_4
[Tick 106] Nouveau bloc accepté: EMKAMA_0_11 de EMKAMA_0, hauteur 12
[Tick 106] Nouveau bloc accepté: logging_0_6 de logging_0, hauteur 18
[Tick 107] Nouveau bloc accepté: logging_3_6 de logging_4, hauteur 17
[Tick 107] Nouveau bloc accepté: logging_2_5 de basic_0, hauteur 18
[Tick 108] Bloc rejeté: logging_1_6 de EMKAMA_0
[Tick 110] Tentative de minage au tick 110
[Tick 112] Nouveau bloc accepté: basic_0_6 de basic_0, hauteur 19
[Tick 112] Nouveau bloc accepté: conservative_0_4 de logging_0, hauteur 18
[Tick 114] Choix du parent: basic_0_6 (hauteur 19)
[Tick 116] Nouveau bloc accepté: greedy_0_10 de greedy_1, hauteur 19
[Tick 116] Nouveau bloc accepté: logging_2_6 de basic_0, hauteur 19
[Tick 118] Nouveau bloc accepté: greedy_1_11 de basic_0, hauteur 19
[Tick 118] Nouveau bloc accepté: logging_3_7 de greedy_1, hauteur 19
[Tick 118] Nouveau bloc accepté: logging_4_7 de basic_0, hauteur 20
[Tick 120] Tentative de minage au tick 120
[Tick 122] Nouveau bloc accepté: EMKAMA_0_12 de EMKAMA_0, hauteur 13
[Tick 125] Nouveau bloc accepté: basic_0_7 de basic_0, hauteur 21
[Tick 126] Bloc rejeté: logging_1_7 de basic_0
[Tick 126] Nouveau bloc accepté: logging_0_7 de greedy_1, hauteur 20
[Tick 126] Nouveau bloc accepté: greedy_1_12 de greedy_0, hauteur 20
[Tick 129] Nouveau bloc accepté: logging_0_8 de logging_0, hauteur 22
[Tick 130] Tentative de minage au tick 130
[Tick 130] Nouveau bloc accepté: logging_2_7 de basic_0, hauteur 21
[Tick 132] Choix du parent: logging_0_8 (hauteur 22)
[Tick 132] Nouveau bloc accepté: greedy_0_11 de greedy_0, hauteur 21
[Tick 133] Nouveau bloc accepté: EMKAMA_0_13 de EMKAMA_0, hauteur 14
[Tick 135] Nouveau bloc accepté: logging_4_8 de logging_4, hauteur 22
[Tick 135] Nouveau bloc accepté: greedy_1_13 de logging_0, hauteur 23
[Tick 136] Bloc rejeté: logging_1_8 de EMKAMA_0
[Tick 137] Nouveau bloc accepté: logging_3_8 de greedy_1, hauteur 22
[Tick 138] Nouveau bloc accepté: basic_0_8 de greedy_1, hauteur 23
[Tick 140] Tentative de minage au tick 140
[Tick 141] Nouveau bloc accepté: greedy_0_12 de greedy_1, hauteur 23
[Tick 143] Nouveau bloc accepté: greedy_1_14 de EMKAMA_0, hauteur 24
[Tick 144] Nouveau bloc accepté: EMKAMA_0_14 de EMKAMA_0, hauteur 15
[Tick 144] Nouveau bloc accepté: logging_0_9 de logging_0, hauteur 24
[Tick 145] Nouveau bloc accepté: conservative_0_5 de logging_4, hauteur 22
[Tick 147] Nouveau bloc accepté: logging_2_8 de logging_2, hauteur 24
[Tick 150] Tentative de minage au tick 150
[Tick 150] Choix du parent: greedy_1_14 (hauteur 24)
[Tick 150] Nouveau bloc accepté: greedy_1_15 de greedy_1, hauteur 25
[Tick 151] Nouveau bloc accepté: greedy_0_13 de logging_3, hauteur 24
[Tick 152] Nouveau bloc accepté: logging_3_9 de EMKAMA_0, hauteur 24
[Tick 153] Nouveau bloc accepté: conservative_0_6 de conservative_0, hauteur 25
[Tick 153] Nouveau bloc accepté: logging_4_9 de logging_4, hauteur 26
[Tick 155] Nouveau bloc accepté: basic_0_9 de basic_0, hauteur 25
[Tick 159] Nouveau bloc accepté: logging_0_10 de logging_0, hauteur 27
[Tick 160] Tentative de minage au tick 160
[Tick 162] Nouveau bloc accepté: EMKAMA_0_15 de logging_3, hauteur 16
[Tick 163] Bloc rejeté: logging_1_9 de logging_0
[Tick 163] Nouveau bloc accepté: greedy_0_14 de basic_0, hauteur 27
[Tick 164] Nouveau bloc accepté: logging_2_9 de logging_2, hauteur 28
[Tick 166] Nouveau bloc accepté: logging_0_11 de logging_0, hauteur 28
[Tick 168] Nouveau bloc accepté: EMKAMA_0_16 de EMKAMA_0, hauteur 17
[Tick 168] Nouveau bloc accepté: greedy_1_16 de logging_3, hauteur 27
[Tick 169] Nouveau bloc accepté: logging_3_10 de greedy_0, hauteur 26
[Tick 170] Tentative de minage au tick 170
[Tick 170] Choix du parent: logging_2_9 (hauteur 28)
[Tick 170] Bloc rejeté: conservative_0_7 de greedy_0
[Tick 172] Nouveau bloc accepté: logging_4_10 de logging_3, hauteur 29
[Tick 174] Nouveau bloc accepté: greedy_0_15 de basic_0, hauteur 28
[Tick 175] Nouveau bloc accepté: EMKAMA_0_17 de logging_4, hauteur 18
[Tick 175] Nouveau bloc accepté: greedy_1_17 de greedy_1, hauteur 30
[Tick 176] Nouveau bloc accepté: logging_3_11 de logging_3, hauteur 30
[Tick 177] Nouveau bloc accepté: greedy_0_16 de EMKAMA_0, hauteur 30
[Tick 177] Nouveau bloc accepté: logging_2_10 de logging_3, hauteur 31
[Tick 178] Bloc rejeté: logging_1_10 de basic_0
[Tick 180] Tentative de minage au tick 180
[Tick 182] Nouveau bloc accepté: logging_0_12 de logging_0, hauteur 31
[Tick 184] Choix du parent: logging_2_10 (hauteur 31)
[Tick 186] Bloc rejeté: logging_1_11 de greedy_0
[Tick 187] Nouveau bloc accepté: basic_0_10 de greedy_0, hauteur 30
[Tick 190] Tentative de minage au tick 190
[Tick 190] Nouveau bloc accepté: EMKAMA_0_18 de EMKAMA_0, hauteur 19
[Tick 190] Nouveau bloc accepté: logging_2_11 de logging_4, hauteur 32
[Tick 193] Nouveau bloc accepté: greedy_0_17 de greedy_0, hauteur 32
[Tick 193] Nouveau bloc accepté: EMKAMA_0_19 de greedy_1, hauteur 20
[Tick 194] Nouveau bloc accepté: basic_0_11 de basic_0, hauteur 32
[Tick 194] Nouveau bloc accepté: logging_4_11 de greedy_0, hauteur 32
[Tick 194] Bloc rejeté: logging_3_12 de logging_3
[Tick 195] Nouveau bloc accepté: greedy_1_18 de greedy_0, hauteur 33
[Tick 195] Nouveau bloc accepté: conservative_0_8 de logging_3, hauteur 33
[Tick 200] Tentative de minage au tick 200
[Tick 202] Choix du parent: logging_3_12 (hauteur 34)
[Tick 202] Nouveau bloc accepté: greedy_0_18 de greedy_0, hauteur 33
[Tick 202] Nouveau bloc accepté: basic_0_12 de basic_0, hauteur 33
[Tick 204] Nouveau bloc accepté: greedy_1_19 de basic_0, hauteur 34
[Tick 205] Nouveau bloc accepté: logging_0_13 de greedy_0, hauteur 34
[Tick 207] Nouveau bloc accepté: EMKAMA_0_20 de logging_3, hauteur 21
[Tick 207] Bloc rejeté: greedy_1_20 de greedy_1
[Tick 208] Bloc rejeté: logging_0_14 de logging_0
[Tick 209] Nouveau bloc accepté: greedy_0_19 de EMKAMA_0, hauteur 34
[Tick 210] Tentative de minage au tick 210
[Tick 210] Nouveau bloc accepté: logging_2_12 de logging_3, hauteur 34
[Tick 210] Nouveau bloc accepté: basic_0_13 de greedy_1, hauteur 35
[Tick 211] Nouveau bloc accepté: greedy_0_20 de greedy_0, hauteur 35
[Tick 213] Nouveau bloc accepté: logging_4_12 de greedy_1, hauteur 35
[Tick 215] Bloc rejeté: logging_3_14 de logging_3
[Tick 217] Nouveau bloc accepté: EMKAMA_0_21 de EMKAMA_0, hauteur 22
[Tick 218] Choix du parent: greedy_1_20 (hauteur 36)
[Tick 218] Nouveau bloc accepté: logging_3_13 de logging_3, hauteur 37
[Tick 218] Nouveau bloc accepté: greedy_0_21 de greedy_1, hauteur 36
[Tick 218] Nouveau bloc accepté: logging_2_13 de EMKAMA_0, hauteur 38
[Tick 219] Nouveau bloc accepté: logging_4_13 de logging_4, hauteur 38
[Tick 220] Tentative de minage au tick 220
[Tick 223] Bloc rejeté: greedy_1_21 de greedy_1
[Tick 223] Nouveau bloc accepté: conservative_0_9 de logging_4, hauteur 37
[Tick 223] Bloc rejeté: logging_1_12 de greedy_1
[Tick 224] Bloc rejeté: logging_1_13 de logging_3
[Tick 226] Nouveau bloc accepté: basic_0_14 de greedy_1, hauteur 38
[Tick 226] Nouveau bloc accepté: greedy_0_22 de basic_0, hauteur 38
[Tick 227] Nouveau bloc accepté: logging_4_14 de logging_4, hauteur 39
[Tick 228] Choix du parent: logging_4_14 (hauteur 39)
[Tick 230] Tentative de minage au tick 230
[Tick 231] Nouveau bloc accepté: logging_0_15 de EMKAMA_0, hauteur 39
[Tick 231] Nouveau bloc accepté: logging_3_15 de logging_3, hauteur 40
[Tick 232] Bloc rejeté: greedy_1_22 de greedy_1
[Tick 233] Bloc rejeté: EMKAMA_0_23 de EMKAMA_0
[Tick 235] Nouveau bloc accepté: EMKAMA_0_22 de EMKAMA_0, hauteur 23
[Tick 235] Nouveau bloc accepté: basic_0_15 de EMKAMA_0, hauteur 39
[Tick 236] Choix du parent: logging_1_14 (hauteur 40)
[Tick 237] Nouveau bloc accepté: conservative_0_10 de basic_0, hauteur 40
[Tick 240] Tentative de minage au tick 240
[Tick 240] Nouveau bloc accepté: logging_2_14 de logging_2, hauteur 41
[Tick 241] Nouveau bloc accepté: basic_0_16 de basic_0, hauteur 41
[Tick 243] Bloc rejeté: logging_1_14 de EMKAMA_0
[Tick 245] Nouveau bloc accepté: greedy_0_23 de greedy_0, hauteur 41
[Tick 245] Nouveau bloc accepté: logging_2_15 de logging_2, hauteur 42
[Tick 246] Bloc rejeté: logging_1_15 de greedy_0
[Tick 247] Nouveau bloc accepté: greedy_1_23 de greedy_1, hauteur 42
[Tick 248] Nouveau bloc accepté: EMKAMA_0_24 de EMKAMA_0, hauteur 25
[Tick 248] Nouveau bloc accepté: logging_4_15 de EMKAMA_0, hauteur 42
[Tick 250] Tentative de minage au tick 250
[Tick 251] Choix du parent: logging_2_15 (hauteur 42)
[Tick 252] Nouveau bloc accepté: logging_0_16 de logging_0, hauteur 41
[Tick 252] Nouveau bloc accepté: greedy_0_24 de greedy_0, hauteur 43
[Tick 253] Nouveau bloc accepté: conservative_0_11 de conservative_0, hauteur 43
[Tick 254] Nouveau bloc accepté: basic_0_17 de basic_0, hauteur 42
[Tick 255] Bloc rejeté: logging_1_16 de logging_0
[Tick 256] Nouveau bloc accepté: logging_3_16 de logging_2, hauteur 43
[Tick 260] Tentative de minage au tick 260
[Tick 262] Nouveau bloc accepté: EMKAMA_0_25 de EMKAMA_0, hauteur 26
[Tick 264] Nouveau bloc accepté: greedy_1_24 de logging_4, hauteur 44
[Tick 264] Nouveau bloc accepté: logging_0_17 de logging_2, hauteur 44
[Tick 264] Nouveau bloc accepté: greedy_0_25 de greedy_1, hauteur 44
[Tick 267] Nouveau bloc accepté: EMKAMA_0_26 de EMKAMA_0, hauteur 27
[Tick 268] Nouveau bloc accepté: logging_4_16 de logging_3, hauteur 45
[Tick 269] Nouveau bloc accepté: basic_0_18 de basic_0, hauteur 45
[Tick 270] Tentative de minage au tick 270
[Tick 270] Nouveau bloc accepté: greedy_0_26 de logging_4, hauteur 45
[Tick 271] Nouveau bloc accepté: logging_3_17 de logging_4, hauteur 45
[Tick 272] Choix du parent: logging_4_16 (hauteur 45)
[Tick 272] Nouveau bloc accepté: logging_0_18 de greedy_1, hauteur 46
[Tick 274] Nouveau bloc accepté: logging_2_16 de EMKAMA_0, hauteur 45
[Tick 276] Nouveau bloc accepté: logging_0_19 de logging_0, hauteur 47
[Tick 279] Bloc rejeté: conservative_0_12 de conservative_0
[Tick 280] Tentative de minage au tick 280
[Tick 281] Nouveau bloc accepté: EMKAMA_0_27 de EMKAMA_0, hauteur 28
[Tick 281] Nouveau bloc accepté: greedy_1_25 de logging_0, hauteur 47
[Tick 283] Nouveau bloc accepté: basic_0_19 de basic_0, hauteur 47
[Tick 283] Nouveau bloc accepté: logging_4_17 de logging_4, hauteur 49
[Tick 283] Nouveau bloc accepté: logging_2_17 de logging_4, hauteur 46
[Tick 283] Bloc rejeté: logging_1_17 de logging_0
[Tick 286] Choix du parent: logging_4_17 (hauteur 49)
[Tick 286] Nouveau bloc accepté: greedy_1_26 de greedy_1, hauteur 48
[Tick 288] Nouveau bloc accepté: greedy_0_27 de logging_2, hauteur 47
[Tick 288] Nouveau bloc accepté: greedy_0_28 de logging_2, hauteur 48
[Tick 290] Tentative de minage au tick 290
[Tick 291] Nouveau bloc accepté: EMKAMA_0_28 de EMKAMA_0, hauteur 29
[Tick 292] Nouveau bloc accepté: logging_4_18 de basic_0, hauteur 50
[Tick 293] Nouveau bloc accepté: EMKAMA_0_29 de EMKAMA_0, hauteur 30
[Tick 294] Bloc rejeté: logging_1_18 de greedy_0
[Tick 294] Nouveau bloc accepté: conservative_0_13 de conservative_0, hauteur 51
[Tick 295] Nouveau bloc accepté: logging_3_18 de logging_3, hauteur 49
[Tick 295] Bloc rejeté: basic_0_20 de basic_0
[Tick 297] Nouveau bloc accepté: greedy_1_27 de logging_4, hauteur 51
[Tick 298] Choix du parent: basic_0_20 (hauteur 52)
[Tick 300] Tentative de minage au tick 300
[Tick 300] Nouveau bloc accepté: logging_0_20 de EMKAMA_0, hauteur 50
[Tick 300] Bloc rejeté: logging_2_19 de logging_3
[Tick 301] Nouveau bloc accepté: logging_2_18 de logging_2, hauteur 51
[Tick 303] Nouveau bloc accepté: greedy_0_29 de EMKAMA_0, hauteur 52
[Tick 303] Nouveau bloc accepté: logging_3_19 de basic_0, hauteur 51
[Tick 305] Nouveau bloc accepté: EMKAMA_0_30 de greedy_0, hauteur 31
[Tick 305] Nouveau bloc accepté: logging_2_20 de logging_2, hauteur 54
[Tick 307] Bloc rejeté: logging_1_19 de EMKAMA_0
[Tick 310] Tentative de minage au tick 310
[Tick 310] Nouveau bloc accepté: greedy_1_28 de greedy_1, hauteur 53
[Tick 311] Nouveau bloc accepté: basic_0_21 de basic_0, hauteur 54
[Tick 312] Choix du parent: logging_2_20 (hauteur 54)
[Tick 312] Nouveau bloc accepté: EMKAMA_0_31 de greedy_0, hauteur 32
[Tick 313] Nouveau bloc accepté: greedy_1_29 de greedy_1, hauteur 56
[Tick 315] Nouveau bloc accepté: greedy_0_30 de greedy_0, hauteur 55
[Tick 315] Nouveau bloc accepté: logging_3_20 de logging_3, hauteur 56
[Tick 317] Bloc rejeté: logging_1_20 de logging_0
[Tick 317] Bloc rejeté: logging_4_20 de logging_4
[Tick 318] Nouveau bloc accepté: conservative_0_14 de basic_0, hauteur 55
[Tick 320] Tentative de minage au tick 320
[Tick 323] Nouveau bloc accepté: logging_4_19 de logging_4, hauteur 54
[Tick 323] Nouveau bloc accepté: logging_0_21 de EMKAMA_0, hauteur 54
[Tick 324] Nouveau bloc accepté: EMKAMA_0_32 de EMKAMA_0, hauteur 33
[Tick 328] Bloc rejeté: greedy_1_30 de logging_3
[Tick 329] Nouveau bloc accepté: logging_2_21 de greedy_1, hauteur 57
[Tick 330] Tentative de minage au tick 330
[Tick 330] Nouveau bloc accepté: basic_0_22 de logging_4, hauteur 57
[Tick 331] Nouveau bloc accepté: conservative_0_15 de logging_3, hauteur 58
[Tick 332] Choix du parent: greedy_1_30 (hauteur 58)
[Tick 334] Nouveau bloc accepté: logging_4_21 de logging_3, hauteur 57
[Tick 334] Nouveau bloc accepté: greedy_0_31 de logging_0, hauteur 57
[Tick 335] Nouveau bloc accepté: logging_3_21 de logging_3, hauteur 59
[Tick 336] Nouveau bloc accepté: EMKAMA_0_33 de basic_0, hauteur 34
[Tick 337] Nouveau bloc accepté: logging_0_22 de EMKAMA_0, hauteur 59
[Tick 337] Nouveau bloc accepté: greedy_1_31 de logging_2, hauteur 59
[Tick 340] Tentative de minage au tick 340
[Tick 341] Nouveau bloc accepté: basic_0_23 de basic_0, hauteur 60
[Tick 341] Nouveau bloc accepté: logging_2_22 de basic_0, hauteur 59
[Tick 342] Nouveau bloc accepté: greedy_0_32 de greedy_0, hauteur 60
[Tick 343] Bloc rejeté: logging_1_21 de logging_4
[Tick 345] Nouveau bloc accepté: logging_3_22 de logging_3, hauteur 61
[Tick 346] Nouveau bloc accepté: logging_4_22 de logging_2, hauteur 60
[Tick 347] Nouveau bloc accepté: greedy_1_32 de logging_2, hauteur 61
[Tick 348] Choix du parent: logging_3_22 (hauteur 61)
[Tick 348] Nouveau bloc accepté: EMKAMA_0_34 de EMKAMA_0, hauteur 35
[Tick 349] Nouveau bloc accepté: conservative_0_16 de conservative_0, hauteur 61
[Tick 350] Tentative de minage au tick 350
[Tick 352] Nouveau bloc accepté: basic_0_24 de greedy_0, hauteur 62
[Tick 353] Nouveau bloc accepté: logging_0_23 de logging_0, hauteur 61
[Tick 355] Nouveau bloc accepté: logging_4_23 de logging_0, hauteur 61
[Tick 357] Nouveau bloc accepté: logging_2_23 de logging_2, hauteur 62
[Tick 357] Nouveau bloc accepté: EMKAMA_0_35 de EMKAMA_0, hauteur 36
[Tick 358] Bloc rejeté: logging_1_22 de logging_2
[Tick 359] Nouveau bloc accepté: greedy_1_33 de greedy_1, hauteur 62
[Tick 359] Nouveau bloc accepté: greedy_0_33 de logging_4, hauteur 63
[Tick 359] Nouveau bloc accepté: EMKAMA_0_36 de logging_0, hauteur 37
[Tick 360] Tentative de minage au tick 360
[Tick 364] Choix du parent: greedy_0_33 (hauteur 63)
[Tick 364] Nouveau bloc accepté: logging_3_23 de logging_3, hauteur 63
[Tick 365] Nouveau bloc accepté: logging_2_24 de logging_2, hauteur 64
[Tick 367] Nouveau bloc accepté: greedy_0_34 de greedy_0, hauteur 64
[Tick 368] Nouveau bloc accepté: conservative_0_17 de conservative_0, hauteur 64
[Tick 370] Tentative de minage au tick 370
[Tick 373] Nouveau bloc accepté: logging_0_24 de EMKAMA_0, hauteur 65
[Tick 373] Bloc rejeté: logging_1_23 de logging_3
[Tick 374] Bloc rejeté: logging_4_24 de logging_4
[Tick 375] Nouveau bloc accepté: EMKAMA_0_37 de logging_0, hauteur 38
[Tick 376] Nouveau bloc accepté: logging_3_24 de basic_0, hauteur 64
[Tick 376] Nouveau bloc accepté: greedy_1_34 de logging_3, hauteur 65
[Tick 380] Tentative de minage au tick 380
[Tick 380] Nouveau bloc accepté: EMKAMA_0_38 de EMKAMA_0, hauteur 39
[Tick 381] Nouveau bloc accepté: greedy_1_35 de greedy_1, hauteur 66
[Tick 382] Nouveau bloc accepté: logging_3_25 de logging_2, hauteur 66
[Tick 383] Nouveau bloc accepté: basic_0_25 de basic_0, hauteur 66
[Tick 384] Choix du parent: logging_4_24 (hauteur 66)
[Tick 387] Nouveau bloc accepté: EMKAMA_0_39 de logging_3, hauteur 40
[Tick 388] Bloc rejeté: logging_0_25 de logging_3
[Tick 389] Nouveau bloc accepté: logging_2_25 de logging_4, hauteur 67
[Tick 389] Bloc rejeté: greedy_1_36 de greedy_1
[Tick 390] Tentative de minage au tick 390
[Tick 390] Nouveau bloc accepté: greedy_0_35 de logging_0, hauteur 66
[Tick 392] Nouveau bloc accepté: logging_4_25 de EMKAMA_0, hauteur 67
[Tick 392] Nouveau bloc accepté: greedy_0_36 de logging_3, hauteur 68
[Tick 393] Nouveau bloc accepté: logging_3_26 de logging_4, hauteur 68
[Tick 394] Choix du parent: greedy_1_36 (hauteur 68)
[Tick 394] Nouveau bloc accepté: conservative_0_18 de logging_2, hauteur 68
[Tick 394] Nouveau bloc accepté: EMKAMA_0_40 de EMKAMA_0, hauteur 41
[Tick 396] Bloc rejeté: logging_1_24 de logging_2
[Tick 396] Nouveau bloc accepté: basic_0_26 de logging_3, hauteur 69
[Tick 397] Nouveau bloc accepté: logging_0_26 de logging_0, hauteur 69
[Tick 398] Bloc rejeté: logging_1_25 de greedy_1
[Tick 400] Tentative de minage au tick 400
[Tick 401] Nouveau bloc accepté: greedy_0_37 de greedy_0, hauteur 69
[Tick 406] Choix du parent: logging_1_25 (hauteur 69)
[Tick 407] Nouveau bloc accepté: logging_4_26 de greedy_0, hauteur 70
[Tick 409] Nouveau bloc accepté: greedy_1_37 de greedy_1, hauteur 70
[Tick 410] Tentative de minage au tick 410
[Tick 410] Nouveau bloc accepté: logging_2_26 de greedy_1, hauteur 70
[Tick 411] Nouveau bloc accepté: conservative_0_19 de conservative_0, hauteur 71
[Tick 412] Bloc rejeté: logging_1_26 de logging_0
[Tick 415] Nouveau bloc accepté: logging_3_27 de greedy_0, hauteur 70
[Tick 416] Nouveau bloc accepté: greedy_1_38 de greedy_1, hauteur 71
[Tick 418] Nouveau bloc accepté: greedy_0_38 de greedy_0, hauteur 71
[Tick 419] Nouveau bloc accepté: EMKAMA_0_41 de EMKAMA_0, hauteur 42
[Tick 419] Nouveau bloc accepté: logging_0_27 de logging_0, hauteur 71
[Tick 419] Nouveau bloc accepté: logging_4_27 de logging_4, hauteur 72
[Tick 420] Tentative de minage au tick 420
[Tick 421] Choix du parent: logging_4_27 (hauteur 72)
[Tick 423] Nouveau bloc accepté: logging_2_27 de EMKAMA_0, hauteur 72
[Tick 424] Nouveau bloc accepté: basic_0_27 de basic_0, hauteur 72
[Tick 424] Nouveau bloc accepté: greedy_1_39 de logging_2, hauteur 72
[Tick 424] Nouveau bloc accepté: greedy_0_39 de greedy_0, hauteur 72
[Tick 426] Nouveau bloc accepté: logging_3_28 de logging_3, hauteur 72
[Tick 427] Nouveau bloc accepté: EMKAMA_0_42 de EMKAMA_0, hauteur 43
[Tick 428] Nouveau bloc accepté: basic_0_28 de basic_0, hauteur 73
[Tick 428] Nouveau bloc accepté: conservative_0_20 de logging_4, hauteur 73
[Tick 430] Tentative de minage au tick 430
[Tick 431] Bloc rejeté: logging_1_27 de greedy_1
[Tick 433] Nouveau bloc accepté: logging_2_28 de logging_2, hauteur 74
[Tick 434] Choix du parent: logging_2_28 (hauteur 74)
[Tick 434] Nouveau bloc accepté: greedy_1_40 de greedy_1, hauteur 74
[Tick 434] Nouveau bloc accepté: logging_3_29 de logging_2, hauteur 73
[Tick 435] Nouveau bloc accepté: logging_0_28 de logging_2, hauteur 73
[Tick 438] Nouveau bloc accepté: EMKAMA_0_43 de logging_2, hauteur 44
[Tick 440] Tentative de minage au tick 440
[Tick 440] Nouveau bloc accepté: logging_4_28 de logging_4, hauteur 74
[Tick 441] Nouveau bloc accepté: logging_0_29 de logging_0, hauteur 75
[Tick 442] Nouveau bloc accepté: greedy_0_40 de greedy_0, hauteur 74
[Tick 444] Choix du parent: logging_1_28 (hauteur 75)
[Tick 446] Bloc rejeté: logging_1_28 de greedy_0
[Tick 446] Nouveau bloc accepté: greedy_1_41 de logging_0, hauteur 76
[Tick 447] Nouveau bloc accepté: logging_3_30 de logging_0, hauteur 75
[Tick 448] Bloc rejeté: basic_0_30 de basic_0
[Tick 449] Nouveau bloc accepté: EMKAMA_0_44 de EMKAMA_0, hauteur 45
[Tick 449] Nouveau bloc accepté: basic_0_29 de EMKAMA_0, hauteur 74
[Tick 449] Bloc rejeté: logging_1_29 de greedy_0
[Tick 450] Tentative de minage au tick 450
[Tick 450] Nouveau bloc accepté: logging_2_29 de logging_4, hauteur 76
[Tick 452] Nouveau bloc accepté: logging_3_31 de logging_3, hauteur 78
[Tick 452] Nouveau bloc accepté: logging_4_29 de logging_4, hauteur 77
[Tick 453] Nouveau bloc accepté: greedy_0_41 de EMKAMA_0, hauteur 76
[Tick 456] Nouveau bloc accepté: greedy_1_42 de greedy_1, hauteur 77
[Tick 457] Nouveau bloc accepté: logging_0_30 de greedy_1, hauteur 76
[Tick 458] Choix du parent: logging_3_31 (hauteur 78)
[Tick 458] Nouveau bloc accepté: greedy_0_42 de logging_0, hauteur 77
[Tick 458] Nouveau bloc accepté: conservative_0_21 de logging_0, hauteur 77
[Tick 460] Tentative de minage au tick 460
[Tick 460] Nouveau bloc accepté: EMKAMA_0_45 de greedy_0, hauteur 46
[Tick 465] Bloc rejeté: logging_1_30 de basic_0
[Tick 466] Nouveau bloc accepté: EMKAMA_0_46 de EMKAMA_0, hauteur 47
[Tick 468] Nouveau bloc accepté: basic_0_31 de basic_0, hauteur 79
[Tick 468] Bloc rejeté: greedy_1_44 de EMKAMA_0
[Tick 469] Nouveau bloc accepté: logging_2_30 de greedy_1, hauteur 79
[Tick 470] Tentative de minage au tick 470
[Tick 470] Nouveau bloc accepté: greedy_1_43 de greedy_1, hauteur 79
[Tick 470] Nouveau bloc accepté: conservative_0_22 de greedy_1, hauteur 79
[Tick 470] Nouveau bloc accepté: greedy_0_43 de greedy_0, hauteur 80
[Tick 471] Nouveau bloc accepté: basic_0_32 de greedy_1, hauteur 80
[Tick 472] Choix du parent: greedy_1_44 (hauteur 80)
[Tick 473] Nouveau bloc accepté: logging_0_31 de logging_0, hauteur 79
[Tick 476] Nouveau bloc accepté: logging_2_31 de logging_3, hauteur 80
[Tick 478] Nouveau bloc accepté: EMKAMA_0_47 de logging_3, hauteur 48
[Tick 478] Nouveau bloc accepté: greedy_1_45 de greedy_1, hauteur 81
[Tick 480] Tentative de minage au tick 480
[Tick 481] Bloc rejeté: logging_1_31 de logging_0
[Tick 481] Nouveau bloc accepté: logging_3_32 de greedy_1, hauteur 81
[Tick 481] Nouveau bloc accepté: EMKAMA_0_48 de greedy_0, hauteur 49
[Tick 482] Nouveau bloc accepté: basic_0_33 de basic_0, hauteur 82
[Tick 483] Nouveau bloc accepté: logging_0_32 de greedy_0, hauteur 81
[Tick 484] Nouveau bloc accepté: logging_2_32 de logging_2, hauteur 82
[Tick 487] Nouveau bloc accepté: logging_4_30 de greedy_1, hauteur 81
[Tick 487] Nouveau bloc accepté: EMKAMA_0_49 de EMKAMA_0, hauteur 50
[Tick 488] Nouveau bloc accepté: greedy_0_44 de logging_0, hauteur 82
[Tick 490] Tentative de minage au tick 490
[Tick 491] Nouveau bloc accepté: greedy_1_46 de greedy_1, hauteur 83
[Tick 491] Nouveau bloc accepté: logging_0_33 de logging_0, hauteur 83
[Tick 491] Nouveau bloc accepté: greedy_0_45 de logging_4, hauteur 83
[Tick 493] Choix du parent: greedy_1_46 (hauteur 83)
[Tick 496] Nouveau bloc accepté: logging_3_33 de greedy_0, hauteur 83
[Tick 497] Nouveau bloc accepté: logging_4_31 de logging_0, hauteur 84
[Tick 497] Nouveau bloc accepté: EMKAMA_0_50 de EMKAMA_0, hauteur 51
[Tick 498] Nouveau bloc accepté: logging_2_33 de logging_2, hauteur 85
[Tick 499] Nouveau bloc accepté: greedy_1_47 de EMKAMA_0, hauteur 84
[Tick 500] Tentative de minage au tick 500
[Tick 500] Nouveau bloc accepté: greedy_0_46 de logging_0, hauteur 84
[Tick 502] Nouveau bloc accepté: conservative_0_23 de logging_4, hauteur 84
[Tick 504] Bloc rejeté: logging_1_32 de logging_2
[Tick 505] Nouveau bloc accepté: greedy_0_47 de greedy_0, hauteur 86
[Tick 507] Choix du parent: greedy_0_47 (hauteur 86)
[Tick 508] Nouveau bloc accepté: EMKAMA_0_51 de EMKAMA_0, hauteur 52
[Tick 510] Tentative de minage au tick 510
[Tick 510] Nouveau bloc accepté: logging_0_34 de logging_0, hauteur 85
[Tick 510] Nouveau bloc accepté: basic_0_34 de basic_0, hauteur 85
[Tick 512] Nouveau bloc accepté: conservative_0_24 de conservative_0, hauteur 88
[Tick 513] Bloc rejeté: logging_1_33 de basic_0
[Tick 514] Nouveau bloc accepté: logging_3_34 de logging_3, hauteur 87
[Tick 515] Nouveau bloc accepté: logging_4_32 de logging_0, hauteur 87
[Tick 518] Nouveau bloc accepté: greedy_1_48 de greedy_1, hauteur 86
[Tick 520] Tentative de minage au tick 520
[Tick 520] Nouveau bloc accepté: logging_2_34 de logging_3, hauteur 88
[Tick 521] Choix du parent: conservative_0_24 (hauteur 88)
[Tick 521] Nouveau bloc accepté: EMKAMA_0_52 de greedy_1, hauteur 53
[Tick 522] Nouveau bloc accepté: greedy_1_49 de greedy_1, hauteur 89
[Tick 523] Nouveau bloc accepté: greedy_0_48 de greedy_0, hauteur 88
[Tick 523] Nouveau bloc accepté: greedy_0_49 de EMKAMA_0, hauteur 89
[Tick 527] Nouveau bloc accepté: logging_0_35 de logging_0, hauteur 88
[Tick 530] Tentative de minage au tick 530
[Tick 530] Nouveau bloc accepté: logging_0_36 de greedy_1, hauteur 90
[Tick 530] Bloc rejeté: logging_1_34 de EMKAMA_0
[Tick 532] Nouveau bloc accepté: logging_2_35 de logging_2, hauteur 91
[Tick 532] Bloc rejeté: logging_4_33 de logging_4
[Tick 533] Nouveau bloc accepté: logging_3_35 de logging_3, hauteur 90
[Tick 533] Nouveau bloc accepté: EMKAMA_0_53 de logging_0, hauteur 54
[Tick 533] Nouveau bloc accepté: basic_0_35 de greedy_0, hauteur 89
[Tick 536] Nouveau bloc accepté: basic_0_36 de logging_2, hauteur 91
[Tick 536] Nouveau bloc accepté: greedy_1_50 de logging_0, hauteur 90
[Tick 539] Choix du parent: logging_2_35 (hauteur 91)
[Tick 540] Tentative de minage au tick 540
[Tick 540] Nouveau bloc accepté: conservative_0_25 de logging_4, hauteur 91
[Tick 540] Nouveau bloc accepté: greedy_1_51 de EMKAMA_0, hauteur 92
[Tick 540] Nouveau bloc accepté: EMKAMA_0_54 de EMKAMA_0, hauteur 55
[Tick 543] Bloc rejeté: logging_1_35 de greedy_0
[Tick 543] Nouveau bloc accepté: logging_0_37 de logging_3, hauteur 92
[Tick 545] Nouveau bloc accepté: greedy_0_50 de logging_0, hauteur 92
[Tick 547] Nouveau bloc accepté: EMKAMA_0_55 de EMKAMA_0, hauteur 56
[Tick 547] Nouveau bloc accepté: logging_3_36 de EMKAMA_0, hauteur 93
[Tick 547] Nouveau bloc accepté: greedy_1_52 de greedy_1, hauteur 93
[Tick 547] Nouveau bloc accepté: basic_0_37 de basic_0, hauteur 93
[Tick 550] Tentative de minage au tick 550
[Tick 550] Nouveau bloc accepté: logging_4_34 de greedy_1, hauteur 93
[Tick 550] Nouveau bloc accepté: logging_0_38 de EMKAMA_0, hauteur 94
[Tick 554] Choix du parent: logging_0_38 (hauteur 94)
[Tick 555] Nouveau bloc accepté: greedy_0_51 de logging_0, hauteur 94
[Tick 558] Nouveau bloc accepté: conservative_0_26 de conservative_0, hauteur 94
[Tick 560] Tentative de minage au tick 560
[Tick 561] Nouveau bloc accepté: greedy_1_53 de greedy_1, hauteur 95
[Tick 561] Nouveau bloc accepté: EMKAMA_0_56 de EMKAMA_0, hauteur 57
[Tick 563] Nouveau bloc accepté: logging_4_35 de logging_4, hauteur 95
[Tick 564] Nouveau bloc accepté: logging_2_36 de logging_2, hauteur 95
[Tick 565] Nouveau bloc accepté: greedy_0_52 de greedy_0, hauteur 95
[Tick 565] Bloc rejeté: logging_1_36 de logging_2
[Tick 566] Nouveau bloc accepté: logging_3_37 de basic_0, hauteur 96
[Tick 567] Nouveau bloc accepté: greedy_0_53 de greedy_0, hauteur 96
[Tick 568] Choix du parent: logging_3_37 (hauteur 96)
[Tick 568] Bloc rejeté: conservative_0_27 de conservative_0
[Tick 568] Nouveau bloc accepté: logging_0_39 de greedy_1, hauteur 96
[Tick 569] Nouveau bloc accepté: basic_0_38 de basic_0, hauteur 96
[Tick 570] Tentative de minage au tick 570
[Tick 570] Nouveau bloc accepté: EMKAMA_0_57 de EMKAMA_0, hauteur 58
[Tick 573] Bloc rejeté: logging_1_37 de basic_0
[Tick 575] Nouveau bloc accepté: greedy_1_54 de greedy_1, hauteur 96
[Tick 575] Nouveau bloc accepté: logging_4_36 de greedy_1, hauteur 96
[Tick 578] Nouveau bloc accepté: logging_2_37 de logging_2, hauteur 97
[Tick 580] Tentative de minage au tick 580
[Tick 581] Choix du parent: logging_1_37 (hauteur 97)
[Tick 581] Nouveau bloc accepté: greedy_0_54 de greedy_0, hauteur 98
[Tick 582] Nouveau bloc accepté: logging_3_38 de logging_3, hauteur 97
[Tick 583] Nouveau bloc accepté: logging_0_40 de logging_0, hauteur 98
[Tick 584] Nouveau bloc accepté: EMKAMA_0_58 de EMKAMA_0, hauteur 59
[Tick 586] Bloc rejeté: greedy_1_56 de greedy_1
[Tick 587] Nouveau bloc accepté: logging_4_37 de logging_0, hauteur 98
[Tick 590] Tentative de minage au tick 590
[Tick 591] Bloc rejeté: logging_1_38 de greedy_0
[Tick 592] Nouveau bloc accepté: greedy_1_55 de greedy_1, hauteur 98
[Tick 592] Nouveau bloc accepté: logging_2_38 de EMKAMA_0, hauteur 99
[Tick 593] Nouveau bloc accepté: basic_0_39 de greedy_1, hauteur 98
[Tick 594] Nouveau bloc accepté: EMKAMA_0_59 de EMKAMA_0, hauteur 60
[Tick 599] Nouveau bloc accepté: logging_3_39 de logging_0, hauteur 100
[Tick 599] Nouveau bloc accepté: conservative_0_28 de logging_4, hauteur 100
[Tick 600] Tentative de minage au tick 600
[Tick 600] Nouveau bloc accepté: greedy_1_57 de greedy_1, hauteur 100
[Tick 601] Choix du parent: logging_3_39 (hauteur 100)
[Tick 602] Nouveau bloc accepté: greedy_0_55 de basic_0, hauteur 99
[Tick 603] Nouveau bloc accepté: basic_0_40 de basic_0, hauteur 101
[Tick 603] Nouveau bloc accepté: EMKAMA_0_60 de greedy_1, hauteur 61
[Tick 603] Nouveau bloc accepté: greedy_0_56 de logging_2, hauteur 100
[Tick 604] Bloc rejeté: logging_1_39 de basic_0
[Tick 605] Nouveau bloc accepté: logging_0_41 de logging_0, hauteur 101
[Tick 605] Nouveau bloc accepté: EMKAMA_0_61 de basic_0, hauteur 62
[Tick 608] Nouveau bloc accepté: greedy_0_57 de greedy_1, hauteur 101
[Tick 610] Tentative de minage au tick 610
[Tick 610] Nouveau bloc accepté: logging_2_39 de greedy_0, hauteur 100
[Tick 612] Nouveau bloc accepté: greedy_1_58 de EMKAMA_0, hauteur 101
[Tick 614] Nouveau bloc accepté: logging_4_38 de logging_4, hauteur 101
[Tick 614] Nouveau bloc accepté: conservative_0_29 de EMKAMA_0, hauteur 102
[Tick 615] Nouveau bloc accepté: EMKAMA_0_62 de EMKAMA_0, hauteur 63
[Tick 617] Nouveau bloc accepté: basic_0_41 de basic_0, hauteur 102
[Tick 619] Nouveau bloc accepté: logging_3_40 de greedy_0, hauteur 102
[Tick 620] Tentative de minage au tick 620
[Tick 621] Nouveau bloc accepté: logging_0_42 de greedy_0, hauteur 102
[Tick 622] Choix du parent: conservative_0_29 (hauteur 102)
[Tick 623] Nouveau bloc accepté: logging_4_39 de basic_0, hauteur 102
[Tick 623] Nouveau bloc accepté: greedy_1_59 de logging_2, hauteur 103
[Tick 626] Bloc rejeté: greedy_0_59 de greedy_0
[Tick 629] Nouveau bloc accepté: logging_2_40 de EMKAMA_0, hauteur 103
[Tick 630] Tentative de minage au tick 630
[Tick 630] Bloc rejeté: logging_1_40 de basic_0
[Tick 630] Nouveau bloc accepté: logging_3_41 de logging_2, hauteur 103
[Tick 631] Nouveau bloc accepté: logging_4_40 de logging_0, hauteur 104
[Tick 632] Nouveau bloc accepté: basic_0_42 de basic_0, hauteur 104
[Tick 634] Nouveau bloc accepté: greedy_0_58 de greedy_0, hauteur 104
[Tick 636] Nouveau bloc accepté: greedy_1_60 de greedy_1, hauteur 104
[Tick 638] Nouveau bloc accepté: EMKAMA_0_63 de greedy_0, hauteur 64
[Tick 638] Nouveau bloc accepté: logging_0_43 de greedy_0, hauteur 105
[Tick 639] Nouveau bloc accepté: greedy_0_60 de greedy_0, hauteur 106
[Tick 639] Nouveau bloc accepté: EMKAMA_0_64 de EMKAMA_0, hauteur 65
[Tick 640] Tentative de minage au tick 640
[Tick 641] Nouveau bloc accepté: basic_0_43 de greedy_1, hauteur 106
[Tick 642] Nouveau bloc accepté: greedy_1_61 de greedy_1, hauteur 107
[Tick 643] Nouveau bloc accepté: conservative_0_30 de greedy_1, hauteur 105
[Tick 644] Choix du parent: greedy_1_61 (hauteur 107)
[Tick 645] Nouveau bloc accepté: logging_3_42 de EMKAMA_0, hauteur 104
[Tick 645] Nouveau bloc accepté: logging_3_43 de logging_3, hauteur 106
[Tick 647] Bloc rejeté: logging_1_41 de logging_2
[Tick 649] Bloc rejeté: logging_4_41 de logging_4
[Tick 649] Nouveau bloc accepté: logging_2_41 de logging_3, hauteur 107
[Tick 649] Nouveau bloc accepté: basic_0_44 de logging_4, hauteur 107
[Tick 650] Tentative de minage au tick 650
[Tick 651] Nouveau bloc accepté: conservative_0_31 de basic_0, hauteur 107
[Tick 652] Nouveau bloc accepté: greedy_0_61 de basic_0, hauteur 107
[Tick 652] Nouveau bloc accepté: greedy_1_62 de greedy_1, hauteur 109
[Tick 655] Nouveau bloc accepté: EMKAMA_0_65 de EMKAMA_0, hauteur 66
[Tick 657] Nouveau bloc accepté: greedy_0_62 de greedy_0, hauteur 108
[Tick 658] Nouveau bloc accepté: logging_3_44 de greedy_1, hauteur 109
[Tick 660] Tentative de minage au tick 660
[Tick 660] Choix du parent: greedy_1_62 (hauteur 109)
[Tick 660] Nouveau bloc accepté: greedy_0_63 de greedy_0, hauteur 110
[Tick 661] Nouveau bloc accepté: EMKAMA_0_66 de EMKAMA_0, hauteur 67
[Tick 661] Nouveau bloc accepté: logging_0_44 de basic_0, hauteur 109
[Tick 661] Nouveau bloc accepté: greedy_1_63 de greedy_1, hauteur 110
[Tick 663] Nouveau bloc accepté: basic_0_45 de EMKAMA_0, hauteur 109
[Tick 665] Bloc rejeté: logging_1_42 de logging_0
[Tick 666] Nouveau bloc accepté: logging_2_42 de logging_2, hauteur 110
[Tick 666] Nouveau bloc accepté: logging_4_42 de logging_2, hauteur 109
[Tick 669] Nouveau bloc accepté: logging_3_45 de logging_3, hauteur 111
[Tick 670] Tentative de minage au tick 670
[Tick 671] Nouveau bloc accepté: logging_0_45 de logging_2, hauteur 111
[Tick 673] Bloc rejeté: logging_4_43 de logging_4
[Tick 674] Nouveau bloc accepté: logging_2_43 de logging_2, hauteur 111
[Tick 675] Nouveau bloc accepté: greedy_0_64 de logging_4, hauteur 111
[Tick 676] Nouveau bloc accepté: greedy_1_64 de greedy_1, hauteur 111
[Tick 677] Nouveau bloc accepté: greedy_0_65 de greedy_0, hauteur 112
[Tick 677] Nouveau bloc accepté: EMKAMA_0_67 de logging_0, hauteur 68
[Tick 679] Nouveau bloc accepté: conservative_0_32 de EMKAMA_0, hauteur 112
[Tick 680] Tentative de minage au tick 680
[Tick 680] Choix du parent: logging_4_43 (hauteur 112)
[Tick 680] Nouveau bloc accepté: greedy_1_65 de EMKAMA_0, hauteur 112
[Tick 681] Nouveau bloc accepté: EMKAMA_0_68 de logging_3, hauteur 69
[Tick 683] Nouveau bloc accepté: logging_3_46 de logging_3, hauteur 113
[Tick 683] Bloc rejeté: logging_1_43 de logging_2
[Tick 685] Nouveau bloc accepté: logging_2_44 de greedy_1, hauteur 113
[Tick 686] Nouveau bloc accepté: logging_0_46 de logging_4, hauteur 113
[Tick 688] Nouveau bloc accepté: EMKAMA_0_69 de EMKAMA_0, hauteur 70
[Tick 688] Bloc rejeté: greedy_1_66 de greedy_0
[Tick 688] Nouveau bloc accepté: logging_2_45 de logging_2, hauteur 114
[Tick 689] Nouveau bloc accepté: greedy_0_66 de greedy_0, hauteur 113
[Tick 690] Tentative de minage au tick 690
[Tick 691] Nouveau bloc accepté: basic_0_46 de EMKAMA_0, hauteur 112
[Tick 691] Nouveau bloc accepté: greedy_0_67 de logging_4, hauteur 115
[Tick 692] Nouveau bloc accepté: basic_0_47 de basic_0, hauteur 114
[Tick 696] Nouveau bloc accepté: conservative_0_33 de conservative_0, hauteur 114
[Tick 696] Nouveau bloc accepté: logging_4_44 de logging_2, hauteur 114
[Tick 697] Nouveau bloc accepté: logging_3_47 de logging_0, hauteur 116
[Tick 697] Nouveau bloc accepté: greedy_1_67 de basic_0, hauteur 115
[Tick 698] Choix du parent: logging_3_47 (hauteur 116)
[Tick 699] Nouveau bloc accepté: basic_0_48 de basic_0, hauteur 115
[Tick 700] Tentative de minage au tick 700
[Tick 700] Nouveau bloc accepté: logging_0_47 de logging_4, hauteur 117
[Tick 700] Bloc rejeté: EMKAMA_0_71 de EMKAMA_0
[Tick 705] Nouveau bloc accepté: greedy_0_68 de greedy_0, hauteur 117
[Tick 705] Bloc rejeté: logging_1_44 de greedy_0
[Tick 706] Nouveau bloc accepté: EMKAMA_0_70 de EMKAMA_0, hauteur 71
[Tick 706] Nouveau bloc accepté: logging_2_46 de logging_4, hauteur 117
[Tick 710] Tentative de minage au tick 710
[Tick 710] Nouveau bloc accepté: logging_4_45 de logging_4, hauteur 118
[Tick 710] Nouveau bloc accepté: basic_0_49 de basic_0, hauteur 119
[Tick 711] Nouveau bloc accepté: logging_0_48 de logging_0, hauteur 118
[Tick 711] Nouveau bloc accepté: logging_3_48 de EMKAMA_0, hauteur 118
[Tick 711] Nouveau bloc accepté: EMKAMA_0_72 de EMKAMA_0, hauteur 73
[Tick 712] Nouveau bloc accepté: greedy_1_68 de greedy_1, hauteur 119
[Tick 714] Choix du parent: basic_0_49 (hauteur 119)
[Tick 715] Nouveau bloc accepté: conservative_0_34 de conservative_0, hauteur 118
[Tick 718] Nouveau bloc accepté: greedy_0_69 de logging_2, hauteur 120
[Tick 718] Nouveau bloc accepté: logging_0_49 de logging_0, hauteur 120
[Tick 720] Tentative de minage au tick 720
[Tick 720] Nouveau bloc accepté: greedy_0_70 de logging_4, hauteur 121
[Tick 721] Nouveau bloc accepté: EMKAMA_0_73 de EMKAMA_0, hauteur 74
[Tick 722] Bloc rejeté: logging_1_45 de EMKAMA_0
[Tick 723] Nouveau bloc accepté: logging_4_46 de logging_4, hauteur 119
[Tick 723] Nouveau bloc accepté: greedy_1_69 de greedy_1, hauteur 121
[Tick 725] Nouveau bloc accepté: logging_2_47 de logging_2, hauteur 121
[Tick 726] Choix du parent: greedy_0_70 (hauteur 121)
[Tick 728] Bloc rejeté: greedy_1_70 de greedy_1
[Tick 730] Tentative de minage au tick 730
[Tick 731] Nouveau bloc accepté: basic_0_50 de greedy_1, hauteur 122
[Tick 732] Bloc rejeté: logging_1_46 de logging_3
[Tick 733] Nouveau bloc accepté: logging_0_50 de logging_0, hauteur 122
[Tick 733] Nouveau bloc accepté: logging_3_49 de logging_2, hauteur 122
[Tick 735] Nouveau bloc accepté: logging_2_48 de logging_2, hauteur 122
[Tick 735] Nouveau bloc accepté: logging_4_47 de logging_4, hauteur 124
[Tick 735] Nouveau bloc accepté: greedy_0_71 de logging_2, hauteur 123
[Tick 735] Nouveau bloc accepté: logging_3_50 de logging_3, hauteur 124
[Tick 736] Nouveau bloc accepté: conservative_0_35 de conservative_0, hauteur 123
[Tick 736] Nouveau bloc accepté: EMKAMA_0_74 de basic_0, hauteur 75
[Tick 737] Nouveau bloc accepté: logging_0_51 de logging_0, hauteur 124
[Tick 738] Choix du parent: logging_4_47 (hauteur 124)
[Tick 740] Tentative de minage au tick 740
[Tick 741] Nouveau bloc accepté: greedy_0_72 de basic_0, hauteur 124
[Tick 743] Nouveau bloc accepté: basic_0_51 de basic_0, hauteur 124
[Tick 747] Nouveau bloc accepté: greedy_1_71 de greedy_1, hauteur 125
[Tick 747] Bloc rejeté: logging_1_47 de logging_0
[Tick 748] Nouveau bloc accepté: logging_2_49 de greedy_0, hauteur 125
[Tick 748] Nouveau bloc accepté: logging_4_48 de EMKAMA_0, hauteur 125
[Tick 750] Tentative de minage au tick 750
[Tick 750] Choix du parent: logging_1_47 (hauteur 125)
[Tick 750] Nouveau bloc accepté: logging_0_52 de logging_0, hauteur 126
[Tick 753] Nouveau bloc accepté: greedy_0_73 de greedy_0, hauteur 126
[Tick 754] Bloc rejeté: greedy_1_73 de greedy_1
[Tick 755] Nouveau bloc accepté: greedy_1_72 de greedy_1, hauteur 126
[Tick 755] Nouveau bloc accepté: EMKAMA_0_75 de logging_0, hauteur 76
[Tick 755] Bloc rejeté: logging_1_48 de greedy_0
[Tick 759] Nouveau bloc accepté: basic_0_52 de basic_0, hauteur 126
[Tick 759] Nouveau bloc accepté: logging_2_50 de logging_4, hauteur 126
[Tick 759] Nouveau bloc accepté: logging_2_51 de logging_2, hauteur 128
[Tick 760] Tentative de minage au tick 760
[Tick 763] Nouveau bloc accepté: conservative_0_36 de greedy_0, hauteur 126
[Tick 763] Nouveau bloc accepté: logging_3_51 de logging_2, hauteur 126
[Tick 763] Nouveau bloc accepté: logging_0_53 de logging_0, hauteur 129
[Tick 764] Choix du parent: logging_0_53 (hauteur 129)
[Tick 765] Nouveau bloc accepté: logging_4_49 de logging_4, hauteur 128
[Tick 765] Nouveau bloc accepté: greedy_0_74 de logging_4, hauteur 128
[Tick 768] Bloc rejeté: logging_1_49 de logging_0
[Tick 770] Tentative de minage au tick 770
[Tick 770] Nouveau bloc accepté: basic_0_53 de greedy_1, hauteur 129
[Tick 770] Bloc rejeté: logging_4_50 de logging_4
[Tick 771] Nouveau bloc accepté: logging_2_52 de logging_2, hauteur 130
[Tick 772] Nouveau bloc accepté: EMKAMA_0_76 de EMKAMA_0, hauteur 77
[Tick 772] Nouveau bloc accepté: conservative_0_37 de conservative_0, hauteur 129
[Tick 772] Nouveau bloc accepté: logging_3_52 de greedy_0, hauteur 130
[Tick 773] Nouveau bloc accepté: EMKAMA_0_77 de EMKAMA_0, hauteur 78
[Tick 775] Nouveau bloc accepté: greedy_1_74 de basic_0, hauteur 129
[Tick 775] Nouveau bloc accepté: logging_3_53 de logging_3, hauteur 131
[Tick 778] Nouveau bloc accepté: greedy_0_75 de logging_0, hauteur 131
[Tick 779] Choix du parent: logging_3_53 (hauteur 131)
[Tick 779] Nouveau bloc accepté: greedy_0_76 de greedy_0, hauteur 132
[Tick 780] Tentative de minage au tick 780
[Tick 781] Nouveau bloc accepté: EMKAMA_0_78 de basic_0, hauteur 79
[Tick 782] Nouveau bloc accepté: basic_0_54 de basic_0, hauteur 132
[Tick 785] Nouveau bloc accepté: logging_2_53 de EMKAMA_0, hauteur 131
[Tick 785] Nouveau bloc accepté: greedy_1_75 de basic_0, hauteur 132
[Tick 785] Bloc rejeté: logging_1_50 de logging_3
[Tick 786] Nouveau bloc accepté: logging_0_54 de logging_0, hauteur 133
[Tick 787] Nouveau bloc accepté: EMKAMA_0_79 de EMKAMA_0, hauteur 80
[Tick 790] Tentative de minage au tick 790
[Tick 791] Nouveau bloc accepté: greedy_1_76 de greedy_0, hauteur 133
[Tick 792] Choix du parent: logging_0_54 (hauteur 133)
[Tick 792] Nouveau bloc accepté: logging_4_51 de logging_2, hauteur 133
[Tick 794] Nouveau bloc accepté: greedy_1_77 de logging_2, hauteur 134
[Tick 795] Nouveau bloc accepté: conservative_0_38 de conservative_0, hauteur 135
[Tick 796] Nouveau bloc accepté: greedy_0_77 de greedy_0, hauteur 133
[Tick 797] Bloc rejeté: logging_3_54 de logging_3
[Tick 797] Nouveau bloc accepté: EMKAMA_0_80 de EMKAMA_0, hauteur 81
[Tick 798] Bloc rejeté: logging_1_51 de logging_0
[Tick 799] Nouveau bloc accepté: greedy_0_78 de logging_4, hauteur 134
[Tick 800] Tentative de minage au tick 800
[Tick 802] Nouveau bloc accepté: logging_2_54 de logging_4, hauteur 135
[Tick 802] Nouveau bloc accepté: basic_0_55 de greedy_0, hauteur 134
[Tick 803] Nouveau bloc accepté: greedy_0_79 de greedy_0, hauteur 135
[Tick 804] Nouveau bloc accepté: logging_4_52 de logging_0, hauteur 136
[Tick 807] Nouveau bloc accepté: EMKAMA_0_81 de basic_0, hauteur 82
[Tick 810] Tentative de minage au tick 810
[Tick 812] Nouveau bloc accepté: greedy_1_78 de greedy_0, hauteur 136
[Tick 812] Nouveau bloc accepté: logging_2_55 de logging_2, hauteur 136
[Tick 814] Choix du parent: logging_4_52 (hauteur 136)
[Tick 814] Nouveau bloc accepté: greedy_1_79 de greedy_1, hauteur 137
[Tick 816] Nouveau bloc accepté: EMKAMA_0_82 de greedy_1, hauteur 83
[Tick 818] Bloc rejeté: conservative_0_39 de conservative_0
[Tick 818] Nouveau bloc accepté: logging_0_55 de greedy_1, hauteur 137
[Tick 819] Nouveau bloc accepté: logging_4_53 de logging_4, hauteur 137
[Tick 819] Nouveau bloc accepté: logging_3_55 de logging_3, hauteur 138
[Tick 820] Tentative de minage au tick 820
[Tick 820] Nouveau bloc accepté: greedy_0_80 de logging_4, hauteur 137
[Tick 821] Bloc rejeté: logging_1_52 de basic_0
[Tick 822] Nouveau bloc accepté: logging_2_56 de EMKAMA_0, hauteur 138
[Tick 823] Nouveau bloc accepté: EMKAMA_0_83 de logging_0, hauteur 84
[Tick 824] Nouveau bloc accepté: basic_0_56 de logging_3, hauteur 137
[Tick 824] Nouveau bloc accepté: logging_4_54 de greedy_0, hauteur 138
[Tick 826] Nouveau bloc accepté: conservative_0_40 de conservative_0, hauteur 139
[Tick 827] Choix du parent: conservative_0_40 (hauteur 139)
[Tick 827] Nouveau bloc accepté: greedy_0_81 de logging_0, hauteur 138
[Tick 829] Nouveau bloc accepté: basic_0_57 de basic_0, hauteur 139
[Tick 830] Tentative de minage au tick 830
[Tick 830] Nouveau bloc accepté: greedy_1_80 de greedy_0, hauteur 139
[Tick 833] Nouveau bloc accepté: logging_0_56 de logging_0, hauteur 139
[Tick 833] Nouveau bloc accepté: greedy_0_82 de logging_0, hauteur 139
[Tick 833] Nouveau bloc accepté: greedy_1_81 de logging_3, hauteur 140
[Tick 835] Choix du parent: logging_1_53 (hauteur 140)
[Tick 836] Nouveau bloc accepté: logging_3_56 de logging_0, hauteur 139
[Tick 837] Bloc rejeté: logging_1_53 de logging_2
[Tick 838] Bloc rejeté: EMKAMA_0_85 de EMKAMA_0
[Tick 840] Tentative de minage au tick 840
[Tick 840] Nouveau bloc accepté: EMKAMA_0_84 de logging_0, hauteur 85
[Tick 841] Nouveau bloc accepté: basic_0_58 de basic_0, hauteur 140
[Tick 842] Nouveau bloc accepté: logging_2_57 de logging_4, hauteur 141
[Tick 843] Nouveau bloc accepté: logging_0_57 de logging_0, hauteur 141
[Tick 843] Nouveau bloc accepté: logging_4_55 de logging_4, hauteur 142
[Tick 845] Choix du parent: logging_4_55 (hauteur 142)
[Tick 846] Bloc rejeté: logging_1_54 de EMKAMA_0
[Tick 849] Nouveau bloc accepté: logging_0_58 de logging_0, hauteur 142
[Tick 849] Nouveau bloc accepté: greedy_0_83 de basic_0, hauteur 141
[Tick 850] Tentative de minage au tick 850
[Tick 853] Nouveau bloc accepté: logging_2_58 de logging_2, hauteur 144
[Tick 854] Nouveau bloc accepté: greedy_1_82 de greedy_1, hauteur 143
[Tick 854] Bloc rejeté: logging_1_55 de greedy_1
[Tick 855] Nouveau bloc accepté: EMKAMA_0_86 de logging_3, hauteur 87
[Tick 856] Choix du parent: logging_2_58 (hauteur 144)
[Tick 856] Nouveau bloc accepté: conservative_0_41 de basic_0, hauteur 144
[Tick 856] Nouveau bloc accepté: greedy_0_84 de greedy_0, hauteur 143
[Tick 857] Nouveau bloc accepté: basic_0_59 de basic_0, hauteur 144
[Tick 859] Nouveau bloc accepté: logging_3_57 de basic_0, hauteur 145
[Tick 860] Tentative de minage au tick 860
[Tick 863] Nouveau bloc accepté: logging_0_59 de logging_0, hauteur 146
[Tick 863] Nouveau bloc accepté: EMKAMA_0_87 de EMKAMA_0, hauteur 88
[Tick 868] Choix du parent: logging_0_59 (hauteur 146)
[Tick 868] Nouveau bloc accepté: logging_2_59 de logging_2, hauteur 146
[Tick 868] Bloc rejeté: logging_1_56 de EMKAMA_0
[Tick 869] Nouveau bloc accepté: greedy_1_83 de basic_0, hauteur 145
[Tick 869] Nouveau bloc accepté: basic_0_60 de greedy_0, hauteur 145
[Tick 870] Tentative de minage au tick 870
[Tick 870] Nouveau bloc accepté: conservative_0_42 de greedy_1, hauteur 146
[Tick 871] Bloc rejeté: greedy_0_85 de greedy_0
[Tick 871] Bloc rejeté: greedy_1_84 de greedy_1
[Tick 871] Nouveau bloc accepté: logging_4_56 de basic_0, hauteur 146
[Tick 875] Nouveau bloc accepté: logging_3_58 de logging_3, hauteur 147
[Tick 877] Nouveau bloc accepté: basic_0_61 de logging_4, hauteur 147
[Tick 878] Choix du parent: logging_1_57 (hauteur 147)
[Tick 878] Bloc rejeté: logging_1_57 de logging_0
[Tick 878] Nouveau bloc accepté: logging_2_60 de logging_2, hauteur 148
[Tick 880] Tentative de minage au tick 880
[Tick 881] Nouveau bloc accepté: EMKAMA_0_88 de logging_4, hauteur 89
[Tick 883] Nouveau bloc accepté: logging_3_59 de greedy_0, hauteur 149
[Tick 883] Bloc rejeté: logging_1_58 de logging_4
[Tick 883] Nouveau bloc accepté: greedy_0_86 de logging_4, hauteur 149
[Tick 886] Nouveau bloc accepté: logging_0_60 de greedy_1, hauteur 148
[Tick 889] Bloc rejeté: greedy_1_86 de greedy_1
[Tick 890] Tentative de minage au tick 890
[Tick 890] Nouveau bloc accepté: basic_0_62 de logging_0, hauteur 148
[Tick 890] Nouveau bloc accepté: logging_4_57 de logging_3, hauteur 149
[Tick 890] Nouveau bloc accepté: greedy_1_85 de greedy_0, hauteur 150
[Tick 893] Nouveau bloc accepté: logging_3_60 de logging_3, hauteur 150
[Tick 894] Choix du parent: greedy_1_86 (hauteur 151)
[Tick 895] Nouveau bloc accepté: EMKAMA_0_89 de logging_4, hauteur 90
[Tick 895] Nouveau bloc accepté: logging_0_61 de logging_0, hauteur 152
[Tick 897] Nouveau bloc accepté: greedy_0_87 de greedy_0, hauteur 151
[Tick 897] Nouveau bloc accepté: EMKAMA_0_90 de EMKAMA_0, hauteur 91
[Tick 899] Nouveau bloc accepté: logging_2_61 de basic_0, hauteur 151
[Tick 900] Tentative de minage au tick 900
[Tick 903] Nouveau bloc accepté: conservative_0_43 de conservative_0, hauteur 152
[Tick 903] Nouveau bloc accepté: greedy_1_87 de greedy_1, hauteur 153
[Tick 905] Nouveau bloc accepté: logging_3_61 de basic_0, hauteur 152
[Tick 907] Bloc rejeté: logging_1_59 de greedy_1
[Tick 907] Nouveau bloc accepté: EMKAMA_0_91 de greedy_0, hauteur 92
[Tick 907] Nouveau bloc accepté: logging_4_58 de logging_4, hauteur 154
[Tick 908] Nouveau bloc accepté: greedy_0_88 de logging_2, hauteur 153
[Tick 909] Nouveau bloc accepté: basic_0_63 de EMKAMA_0, hauteur 154
[Tick 909] Nouveau bloc accepté: EMKAMA_0_92 de EMKAMA_0, hauteur 93
[Tick 910] Tentative de minage au tick 910
[Tick 910] Nouveau bloc accepté: logging_0_62 de logging_2, hauteur 153
[Tick 911] Nouveau bloc accepté: conservative_0_44 de conservative_0, hauteur 154
[Tick 911] Nouveau bloc accepté: logging_2_62 de logging_2, hauteur 155
[Tick 914] Choix du parent: logging_2_62 (hauteur 155)
[Tick 914] Nouveau bloc accepté: EMKAMA_0_93 de EMKAMA_0, hauteur 94
[Tick 914] Nouveau bloc accepté: logging_3_62 de greedy_1, hauteur 155
[Tick 917] Nouveau bloc accepté: greedy_1_88 de logging_2, hauteur 155
[Tick 918] Nouveau bloc accepté: basic_0_64 de basic_0, hauteur 155
[Tick 918] Nouveau bloc accepté: EMKAMA_0_94 de EMKAMA_0, hauteur 95
[Tick 920] Tentative de minage au tick 920
[Tick 921] Nouveau bloc accepté: greedy_0_89 de greedy_0, hauteur 155
[Tick 923] Nouveau bloc accepté: greedy_0_90 de greedy_0, hauteur 156
[Tick 925] Choix du parent: logging_1_60 (hauteur 156)
[Tick 925] Nouveau bloc accepté: logging_0_63 de logging_0, hauteur 155
[Tick 925] Bloc rejeté: logging_1_60 de greedy_1
[Tick 927] Nouveau bloc accepté: logging_2_63 de logging_4, hauteur 156
[Tick 928] Nouveau bloc accepté: greedy_1_89 de basic_0, hauteur 156
[Tick 929] Nouveau bloc accepté: basic_0_65 de logging_3, hauteur 157
[Tick 930] Tentative de minage au tick 930
[Tick 931] Nouveau bloc accepté: EMKAMA_0_95 de logging_2, hauteur 96
[Tick 933] Bloc rejeté: logging_1_61 de greedy_0
[Tick 934] Nouveau bloc accepté: logging_4_59 de logging_4, hauteur 157
[Tick 936] Nouveau bloc accepté: basic_0_66 de basic_0, hauteur 158
[Tick 938] Choix du parent: basic_0_66 (hauteur 158)
[Tick 938] Nouveau bloc accepté: conservative_0_45 de conservative_0, hauteur 158
[Tick 940] Tentative de minage au tick 940
[Tick 940] Nouveau bloc accepté: EMKAMA_0_96 de basic_0, hauteur 97
[Tick 942] Bloc rejeté: greedy_0_92 de greedy_0
[Tick 942] Nouveau bloc accepté: greedy_0_91 de basic_0, hauteur 158
[Tick 943] Nouveau bloc accepté: logging_2_64 de logging_2, hauteur 159
[Tick 943] Nouveau bloc accepté: logging_3_63 de EMKAMA_0, hauteur 158
[Tick 944] Nouveau bloc accepté: logging_0_64 de logging_0, hauteur 157
[Tick 945] Choix du parent: logging_1_62 (hauteur 159)
[Tick 945] Nouveau bloc accepté: logging_4_60 de logging_4, hauteur 160
[Tick 949] Nouveau bloc accepté: basic_0_67 de logging_0, hauteur 160
[Tick 950] Tentative de minage au tick 950
[Tick 950] Nouveau bloc accepté: EMKAMA_0_97 de EMKAMA_0, hauteur 98
[Tick 951] Nouveau bloc accepté: logging_2_65 de logging_2, hauteur 161
[Tick 951] Bloc rejeté: logging_1_63 de EMKAMA_0
[Tick 952] Nouveau bloc accepté: greedy_1_90 de greedy_1, hauteur 158
[Tick 952] Nouveau bloc accepté: greedy_1_91 de greedy_1, hauteur 159
[Tick 954] Bloc rejeté: logging_1_62 de EMKAMA_0
[Tick 955] Nouveau bloc accepté: EMKAMA_0_98 de basic_0, hauteur 99
[Tick 955] Nouveau bloc accepté: logging_3_64 de logging_2, hauteur 159
[Tick 958] Nouveau bloc accepté: greedy_0_93 de logging_2, hauteur 160
[Tick 959] Choix du parent: logging_2_65 (hauteur 161)
[Tick 960] Tentative de minage au tick 960
[Tick 960] Nouveau bloc accepté: greedy_1_92 de EMKAMA_0, hauteur 161
[Tick 962] Nouveau bloc accepté: conservative_0_46 de EMKAMA_0, hauteur 161
[Tick 963] Bloc rejeté: greedy_1_93 de greedy_1
[Tick 964] Nouveau bloc accepté: logging_4_61 de greedy_0, hauteur 162
[Tick 965] Choix du parent: logging_1_64 (hauteur 162)
[Tick 965] Nouveau bloc accepté: basic_0_68 de basic_0, hauteur 162
[Tick 966] Nouveau bloc accepté: logging_0_65 de greedy_1, hauteur 161
[Tick 967] Nouveau bloc accepté: EMKAMA_0_99 de logging_0, hauteur 100
[Tick 967] Nouveau bloc accepté: greedy_0_94 de greedy_0, hauteur 162
[Tick 968] Bloc rejeté: logging_1_64 de logging_0
[Tick 970] Tentative de minage au tick 970
[Tick 970] Nouveau bloc accepté: logging_3_65 de logging_3, hauteur 162
[Tick 970] Nouveau bloc accepté: logging_3_66 de logging_3, hauteur 164
[Tick 973] Nouveau bloc accepté: greedy_1_94 de greedy_1, hauteur 164
[Tick 974] Nouveau bloc accepté: greedy_0_95 de greedy_0, hauteur 164
[Tick 974] Nouveau bloc accepté: EMKAMA_0_100 de greedy_0, hauteur 101
[Tick 975] Nouveau bloc accepté: logging_2_66 de logging_3, hauteur 163
[Tick 975] Bloc rejeté: logging_1_65 de greedy_1
[Tick 977] Nouveau bloc accepté: basic_0_69 de logging_3, hauteur 165
[Tick 978] Nouveau bloc accepté: logging_0_66 de logging_0, hauteur 164
[Tick 978] Nouveau bloc accepté: logging_4_62 de logging_4, hauteur 165
[Tick 980] Tentative de minage au tick 980
[Tick 981] Nouveau bloc accepté: conservative_0_47 de conservative_0, hauteur 164
[Tick 983] Nouveau bloc accepté: logging_2_67 de logging_2, hauteur 164
[Tick 984] Choix du parent: basic_0_69 (hauteur 165)
[Tick 986] Bloc rejeté: logging_2_68 de logging_2
[Tick 990] Tentative de minage au tick 990
[Tick 990] Nouveau bloc accepté: greedy_1_95 de greedy_1, hauteur 166
[Tick 990] Nouveau bloc accepté: basic_0_70 de EMKAMA_0, hauteur 166
[Tick 991] Nouveau bloc accepté: greedy_1_96 de basic_0, hauteur 167
[Tick 992] Nouveau bloc accepté: EMKAMA_0_101 de EMKAMA_0, hauteur 102
[Tick 992] Bloc rejeté: logging_1_66 de greedy_0
[Tick 992] Nouveau bloc accepté: logging_0_67 de logging_0, hauteur 167
[Tick 994] Nouveau bloc accepté: logging_3_67 de logging_3, hauteur 166
[Tick 995] Nouveau bloc accepté: greedy_0_96 de EMKAMA_0, hauteur 167
[Tick 998] Nouveau bloc accepté: conservative_0_48 de conservative_0, hauteur 167
[Tick 998] Nouveau bloc accepté: logging_4_63 de greedy_1, hauteur 167
[Tick 998] Nouveau bloc accepté: EMKAMA_0_102 de EMKAMA_0, hauteur 103
[Tick 999] Choix du parent: logging_2_68 (hauteur 167)
[Tick 1000] Tentative de minage au tick 1000
[Tick 1000] Nouveau bloc accepté: greedy_1_97 de basic_0, hauteur 168


--- logging_2 ---
[Tick 0] Stratégie initialisée pour logging_2
[Tick 10] Tentative de minage au tick 10
[Tick 16] Nouveau bloc accepté: EMKAMA_0_0 de logging_3, hauteur 1
[Tick 20] Tentative de minage au tick 20
[Tick 21] Choix du parent: EMKAMA_0_0 (hauteur 1)
[Tick 21] Nouveau bloc accepté: greedy_0_0 de logging_0, hauteur 2
[Tick 23] Nouveau bloc accepté: greedy_1_0 de greedy_0, hauteur 2
[Tick 23] Bloc rejeté: logging_1_0 de logging_1
[Tick 25] Nouveau bloc accepté: logging_4_0 de EMKAMA_0, hauteur 2
[Tick 26] Nouveau bloc accepté: basic_0_0 de basic_0, hauteur 3
[Tick 27] Nouveau bloc accepté: logging_3_0 de logging_0, hauteur 2
[Tick 28] Nouveau bloc accepté: EMKAMA_0_1 de basic_0, hauteur 2
[Tick 29] Nouveau bloc accepté: EMKAMA_0_2 de EMKAMA_0, hauteur 3
[Tick 29] Bloc rejeté: logging_2_0 de EMKAMA_0
[Tick 29] Nouveau bloc accepté: greedy_1_1 de greedy_1, hauteur 3
[Tick 30] Tentative de minage au tick 30
[Tick 30] Nouveau bloc accepté: logging_4_1 de EMKAMA_0, hauteur 3
[Tick 32] Nouveau bloc accepté: logging_0_0 de EMKAMA_0, hauteur 3
[Tick 35] Nouveau bloc accepté: conservative_0_0 de conservative_0, hauteur 4
[Tick 35] Bloc rejeté: logging_4_2 de logging_4
[Tick 36] Choix du parent: conservative_0_0 (hauteur 4)
[Tick 36] Nouveau bloc accepté: logging_3_1 de logging_3, hauteur 4
[Tick 37] Nouveau bloc accepté: greedy_0_1 de EMKAMA_0, hauteur 4
[Tick 39] Nouveau bloc accepté: logging_1_1 de logging_1, hauteur 5
[Tick 39] Nouveau bloc accepté: EMKAMA_0_3 de greedy_0, hauteur 4
[Tick 40] Tentative de minage au tick 40
[Tick 41] Nouveau bloc accepté: greedy_1_3 de logging_3, hauteur 6
[Tick 43] Nouveau bloc accepté: greedy_1_2 de greedy_1, hauteur 4
[Tick 43] Nouveau bloc accepté: logging_0_1 de logging_0, hauteur 6
[Tick 45] Choix du parent: greedy_1_3 (hauteur 6)
[Tick 46] Nouveau bloc accepté: EMKAMA_0_4 de logging_1, hauteur 5
[Tick 47] Bloc rejeté: logging_2_1 de basic_0
[Tick 47] Nouveau bloc accepté: basic_0_1 de logging_3, hauteur 6
[Tick 48] Bloc rejeté: logging_3_2 de logging_3
[Tick 50] Tentative de minage au tick 50
[Tick 51] Bloc rejeté: logging_2_2 de logging_1
[Tick 51] Nouveau bloc accepté: basic_0_2 de logging_1, hauteur 7
[Tick 54] Bloc rejeté: conservative_0_1 de conservative_0
[Tick 54] Nouveau bloc accepté: greedy_0_2 de logging_0, hauteur 6
[Tick 55] Nouveau bloc accepté: logging_4_3 de greedy_0, hauteur 7
[Tick 55] Nouveau bloc accepté: logging_1_2 de greedy_1, hauteur 8
[Tick 60] Tentative de minage au tick 60
[Tick 60] Nouveau bloc accepté: greedy_1_4 de logging_1, hauteur 8
[Tick 60] Bloc rejeté: logging_1_3 de EMKAMA_0
[Tick 60] Nouveau bloc accepté: greedy_1_5 de greedy_0, hauteur 9
[Tick 61] Choix du parent: greedy_1_5 (hauteur 9)
[Tick 62] Nouveau bloc accepté: greedy_0_3 de logging_0, hauteur 9
[Tick 63] Bloc rejeté: logging_2_3 de basic_0
[Tick 63] Nouveau bloc accepté: greedy_1_6 de greedy_1, hauteur 11
[Tick 64] Nouveau bloc accepté: basic_0_3 de logging_0, hauteur 10
[Tick 64] Nouveau bloc accepté: EMKAMA_0_5 de basic_0, hauteur 6
[Tick 65] Nouveau bloc accepté: greedy_0_4 de EMKAMA_0, hauteur 10
[Tick 66] Nouveau bloc accepté: logging_0_2 de logging_0, hauteur 10
[Tick 66] Nouveau bloc accepté: greedy_0_5 de greedy_0, hauteur 11
[Tick 67] Nouveau bloc accepté: logging_4_4 de logging_4, hauteur 10
[Tick 70] Tentative de minage au tick 70
[Tick 70] Nouveau bloc accepté: greedy_1_7 de greedy_1, hauteur 12
[Tick 71] Nouveau bloc accepté: logging_3_3 de greedy_1, hauteur 10
[Tick 71] Nouveau bloc accepté: EMKAMA_0_6 de logging_1, hauteur 7
[Tick 75] Nouveau bloc accepté: logging_0_3 de logging_0, hauteur 12
[Tick 75] Nouveau bloc accepté: logging_1_4 de logging_3, hauteur 13
[Tick 76] Nouveau bloc accepté: conservative_0_2 de logging_1, hauteur 12
[Tick 80] Tentative de minage au tick 80
[Tick 81] Choix du parent: logging_1_4 (hauteur 13)
[Tick 84] Nouveau bloc accepté: basic_0_4 de basic_0, hauteur 13
[Tick 84] Nouveau bloc accepté: EMKAMA_0_7 de logging_1, hauteur 8
[Tick 84] Nouveau bloc accepté: greedy_0_6 de logging_4, hauteur 14
[Tick 86] Nouveau bloc accepté: logging_1_5 de logging_1, hauteur 15
[Tick 88] Nouveau bloc accepté: greedy_0_7 de greedy_0, hauteur 15
[Tick 90] Tentative de minage au tick 90
[Tick 91] Nouveau bloc accepté: greedy_1_8 de greedy_1, hauteur 14
[Tick 91] Nouveau bloc accepté: EMKAMA_0_8 de EMKAMA_0, hauteur 9
[Tick 91] Nouveau bloc accepté: logging_3_4 de logging_4, hauteur 14
[Tick 93] Nouveau bloc accepté: basic_0_5 de basic_0, hauteur 15
[Tick 93] Nouveau bloc accepté: greedy_0_8 de greedy_0, hauteur 16
[Tick 94] Nouveau bloc accepté: logging_0_4 de logging_0, hauteur 16
[Tick 94] Nouveau bloc accepté: logging_3_5 de logging_3, hauteur 15
[Tick 94] Bloc rejeté: logging_2_4 de logging_0
[Tick 94] Nouveau bloc accepté: greedy_1_9 de basic_0, hauteur 15
[Tick 95] Bloc rejeté: conservative_0_3 de EMKAMA_0
[Tick 95] Nouveau bloc accepté: logging_0_5 de logging_0, hauteur 17
[Tick 97] Choix du parent: logging_0_5 (hauteur 17)
[Tick 97] Nouveau bloc accepté: EMKAMA_0_9 de basic_0, hauteur 10
[Tick 98] Nouveau bloc accepté: greedy_1_10 de greedy_1, hauteur 16
[Tick 99] Nouveau bloc accepté: EMKAMA_0_10 de EMKAMA_0, hauteur 11
[Tick 100] Tentative de minage au tick 100
[Tick 101] Nouveau bloc accepté: logging_4_5 de logging_3, hauteur 15
[Tick 104] Nouveau bloc accepté: EMKAMA_0_11 de EMKAMA_0, hauteur 12
[Tick 105] Bloc rejeté: logging_4_6 de logging_4
[Tick 105] Nouveau bloc accepté: logging_1_6 de basic_0, hauteur 17
[Tick 106] Nouveau bloc accepté: logging_3_6 de logging_0, hauteur 17
[Tick 106] Nouveau bloc accepté: greedy_0_9 de greedy_1, hauteur 17
[Tick 109] Choix du parent: logging_2_5 (hauteur 18)
[Tick 110] Tentative de minage au tick 110
[Tick 110] Bloc rejeté: logging_2_5 de basic_0
[Tick 110] Nouveau bloc accepté: greedy_1_11 de greedy_1, hauteur 19
[Tick 111] Nouveau bloc accepté: conservative_0_4 de logging_0, hauteur 18
[Tick 115] Bloc rejeté: logging_1_7 de logging_1
[Tick 117] Nouveau bloc accepté: logging_0_6 de basic_0, hauteur 18
[Tick 117] Bloc rejeté: logging_4_7 de basic_0
[Tick 119] Nouveau bloc accepté: basic_0_6 de basic_0, hauteur 19
[Tick 119] Nouveau bloc accepté: greedy_0_10 de greedy_0, hauteur 19
[Tick 119] Nouveau bloc accepté: logging_3_7 de logging_3, hauteur 19
[Tick 119] Nouveau bloc accepté: logging_0_7 de logging_0, hauteur 20
[Tick 120] Tentative de minage au tick 120
[Tick 120] Bloc rejeté: logging_2_6 de greedy_1
[Tick 120] Nouveau bloc accepté: greedy_1_12 de greedy_1, hauteur 20
[Tick 123] Choix du parent: logging_1_7 (hauteur 20)
[Tick 123] Nouveau bloc accepté: EMKAMA_0_12 de greedy_0, hauteur 13
[Tick 128] Bloc rejeté: logging_2_7 de EMKAMA_0
[Tick 128] Nouveau bloc accepté: EMKAMA_0_13 de EMKAMA_0, hauteur 14
[Tick 130] Tentative de minage au tick 130
[Tick 130] Nouveau bloc accepté: greedy_0_11 de greedy_0, hauteur 21
[Tick 130] Bloc rejeté: logging_0_8 de logging_0
[Tick 132] Nouveau bloc accepté: basic_0_7 de basic_0, hauteur 21
[Tick 134] Nouveau bloc accepté: logging_3_8 de logging_3, hauteur 22
[Tick 135] Nouveau bloc accepté: logging_4_8 de greedy_0, hauteur 22
[Tick 137] Nouveau bloc accepté: logging_1_8 de logging_0, hauteur 23
[Tick 138] Nouveau bloc accepté: conservative_0_5 de logging_4, hauteur 22
[Tick 140] Tentative de minage au tick 140
[Tick 140] Choix du parent: logging_1_8 (hauteur 23)
[Tick 140] Nouveau bloc accepté: greedy_1_13 de logging_0, hauteur 23
[Tick 140] Bloc rejeté: greedy_0_13 de greedy_0
[Tick 141] Nouveau bloc accepté: greedy_0_12 de greedy_0, hauteur 23
[Tick 144] Nouveau bloc accepté: basic_0_8 de EMKAMA_0, hauteur 23
[Tick 145] Nouveau bloc accepté: logging_0_9 de logging_0, hauteur 24
[Tick 147] Bloc rejeté: logging_2_8 de logging_4
[Tick 147] Nouveau bloc accepté: greedy_1_14 de logging_1, hauteur 24
[Tick 150] Tentative de minage au tick 150
[Tick 150] Bloc rejeté: EMKAMA_0_15 de EMKAMA_0
[Tick 151] Nouveau bloc accepté: EMKAMA_0_14 de greedy_0, hauteur 15
[Tick 154] Nouveau bloc accepté: greedy_1_15 de greedy_0, hauteur 25
[Tick 156] Nouveau bloc accepté: logging_3_9 de logging_3, hauteur 24
[Tick 156] Nouveau bloc accepté: conservative_0_6 de logging_1, hauteur 25
[Tick 156] Nouveau bloc accepté: logging_4_9 de logging_1, hauteur 26
[Tick 157] Nouveau bloc accepté: basic_0_9 de logging_0, hauteur 25
[Tick 160] Tentative de minage au tick 160
[Tick 160] Nouveau bloc accepté: logging_1_9 de logging_0, hauteur 25
[Tick 162] Nouveau bloc accepté: logging_0_10 de logging_0, hauteur 27
[Tick 162] Nouveau bloc accepté: logging_3_10 de logging_3, hauteur 26
[Tick 162] Nouveau bloc accepté: greedy_0_14 de basic_0, hauteur 27
[Tick 164] Choix du parent: logging_0_10 (hauteur 27)
[Tick 166] Nouveau bloc accepté: greedy_1_16 de EMKAMA_0, hauteur 27
[Tick 168] Bloc rejeté: conservative_0_7 de conservative_0
[Tick 169] Nouveau bloc accepté: greedy_0_15 de greedy_0, hauteur 28
[Tick 170] Tentative de minage au tick 170
[Tick 171] Nouveau bloc accepté: EMKAMA_0_16 de basic_0, hauteur 17
[Tick 172] Nouveau bloc accepté: logging_0_11 de EMKAMA_0, hauteur 28
[Tick 173] Bloc rejeté: logging_2_9 de logging_3
[Tick 174] Nouveau bloc accepté: logging_3_11 de logging_3, hauteur 30
[Tick 175] Choix du parent: logging_3_11 (hauteur 30)
[Tick 176] Nouveau bloc accepté: greedy_0_16 de EMKAMA_0, hauteur 30
[Tick 177] Nouveau bloc accepté: logging_1_10 de greedy_1, hauteur 29
[Tick 178] Bloc rejeté: logging_2_10 de logging_3
[Tick 179] Nouveau bloc accepté: EMKAMA_0_17 de greedy_1, hauteur 18
[Tick 180] Tentative de minage au tick 180
[Tick 180] Nouveau bloc accepté: greedy_1_17 de EMKAMA_0, hauteur 30
[Tick 181] Nouveau bloc accepté: basic_0_10 de greedy_1, hauteur 30
[Tick 182] Nouveau bloc accepté: logging_4_10 de logging_4, hauteur 29
[Tick 184] Choix du parent: logging_2_10 (hauteur 31)
[Tick 184] Nouveau bloc accepté: logging_1_11 de logging_1, hauteur 32
[Tick 187] Nouveau bloc accepté: EMKAMA_0_18 de EMKAMA_0, hauteur 19
[Tick 189] Nouveau bloc accepté: logging_0_12 de logging_1, hauteur 31
[Tick 189] Nouveau bloc accepté: basic_0_11 de basic_0, hauteur 32
[Tick 190] Tentative de minage au tick 190
[Tick 191] Bloc rejeté: logging_2_11 de greedy_1
[Tick 194] Nouveau bloc accepté: greedy_1_18 de logging_0, hauteur 33
[Tick 194] Bloc rejeté: conservative_0_8 de logging_3
[Tick 196] Bloc rejeté: greedy_0_18 de greedy_0
[Tick 196] Nouveau bloc accepté: logging_4_11 de EMKAMA_0, hauteur 32
[Tick 197] Bloc rejeté: logging_3_12 de logging_3
[Tick 197] Nouveau bloc accepté: basic_0_12 de basic_0, hauteur 33
[Tick 200] Tentative de minage au tick 200
[Tick 201] Bloc rejeté: greedy_0_19 de EMKAMA_0
[Tick 202] Choix du parent: greedy_1_18 (hauteur 33)
[Tick 203] Nouveau bloc accepté: EMKAMA_0_19 de logging_1, hauteur 20
[Tick 203] Nouveau bloc accepté: logging_0_13 de EMKAMA_0, hauteur 34
[Tick 203] Nouveau bloc accepté: greedy_1_19 de greedy_0, hauteur 34
[Tick 203] Bloc rejeté: logging_1_12 de logging_1
[Tick 204] Nouveau bloc accepté: EMKAMA_0_20 de EMKAMA_0, hauteur 21
[Tick 204] Bloc rejeté: greedy_1_20 de greedy_1
[Tick 205] Nouveau bloc accepté: greedy_0_17 de logging_3, hauteur 32
[Tick 207] Nouveau bloc accepté: logging_4_12 de greedy_1, hauteur 35
[Tick 208] Bloc rejeté: logging_3_13 de logging_3
[Tick 209] Bloc rejeté: logging_0_14 de logging_0
[Tick 210] Tentative de minage au tick 210
[Tick 211] Nouveau bloc accepté: greedy_0_20 de greedy_1, hauteur 35
[Tick 212] Nouveau bloc accepté: EMKAMA_0_21 de EMKAMA_0, hauteur 22
[Tick 212] Bloc rejeté: logging_2_12 de logging_4
[Tick 212] Nouveau bloc accepté: basic_0_13 de logging_1, hauteur 35
[Tick 213] Nouveau bloc accepté: greedy_0_21 de logging_0, hauteur 36
[Tick 215] Choix du parent: logging_3_13 (hauteur 37)
[Tick 217] Nouveau bloc accepté: conservative_0_9 de conservative_0, hauteur 37
[Tick 217] Nouveau bloc accepté: greedy_1_21 de greedy_1, hauteur 38
[Tick 218] Nouveau bloc accepté: logging_1_13 de logging_1, hauteur 37
[Tick 220] Tentative de minage au tick 220
[Tick 221] Nouveau bloc accepté: logging_4_13 de logging_4, hauteur 38
[Tick 225] Nouveau bloc accepté: basic_0_14 de logging_0, hauteur 38
[Tick 226] Nouveau bloc accepté: greedy_0_22 de greedy_0, hauteur 38
[Tick 226] Nouveau bloc accepté: basic_0_15 de basic_0, hauteur 39
[Tick 227] Nouveau bloc accepté: logging_3_14 de logging_4, hauteur 38
[Tick 228] Bloc rejeté: logging_2_13 de greedy_0
[Tick 229] Nouveau bloc accepté: logging_0_15 de logging_0, hauteur 39
[Tick 230] Tentative de minage au tick 230
[Tick 232] Nouveau bloc accepté: greedy_1_22 de logging_4, hauteur 40
[Tick 233] Choix du parent: greedy_1_22 (hauteur 40)
[Tick 235] Nouveau bloc accepté: EMKAMA_0_22 de greedy_1, hauteur 23
[Tick 235] Nouveau bloc accepté: logging_4_14 de EMKAMA_0, hauteur 39
[Tick 236] Nouveau bloc accepté: EMKAMA_0_23 de EMKAMA_0, hauteur 24
[Tick 237] Nouveau bloc accepté: conservative_0_10 de conservative_0, hauteur 40
[Tick 239] Nouveau bloc accepté: logging_3_15 de logging_3, hauteur 40
[Tick 240] Tentative de minage au tick 240
[Tick 242] Nouveau bloc accepté: logging_1_14 de logging_1, hauteur 40
[Tick 242] Nouveau bloc accepté: logging_1_15 de logging_1, hauteur 41
[Tick 243] Nouveau bloc accepté: greedy_0_23 de greedy_0, hauteur 41
[Tick 244] Choix du parent: logging_2_14 (hauteur 41)
[Tick 244] Nouveau bloc accepté: basic_0_16 de basic_0, hauteur 41
[Tick 245] Bloc rejeté: logging_2_14 de logging_4
[Tick 246] Nouveau bloc accepté: greedy_1_23 de logging_0, hauteur 42
[Tick 247] Nouveau bloc accepté: logging_0_16 de basic_0, hauteur 41
[Tick 247] Nouveau bloc accepté: basic_0_17 de basic_0, hauteur 42
[Tick 250] Tentative de minage au tick 250
[Tick 251] Nouveau bloc accepté: logging_4_15 de logging_4, hauteur 42
[Tick 251] Nouveau bloc accepté: logging_3_16 de logging_3, hauteur 43
[Tick 253] Nouveau bloc accepté: greedy_0_24 de EMKAMA_0, hauteur 43
[Tick 255] Nouveau bloc accepté: logging_1_16 de logging_1, hauteur 43
[Tick 257] Nouveau bloc accepté: EMKAMA_0_24 de EMKAMA_0, hauteur 25
[Tick 257] Bloc rejeté: logging_2_15 de logging_3
[Tick 258] Nouveau bloc accepté: greedy_0_25 de greedy_0, hauteur 44
[Tick 259] Nouveau bloc accepté: greedy_1_24 de basic_0, hauteur 44
[Tick 260] Tentative de minage au tick 260
[Tick 261] Nouveau bloc accepté: conservative_0_11 de logging_0, hauteur 43
[Tick 261] Nouveau bloc accepté: EMKAMA_0_25 de logging_3, hauteur 26
[Tick 261] Nouveau bloc accepté: logging_0_17 de logging_0, hauteur 44
[Tick 262] Choix du parent: greedy_0_25 (hauteur 44)
[Tick 265] Nouveau bloc accepté: greedy_0_26 de greedy_0, hauteur 45
[Tick 267] Nouveau bloc accepté: logging_3_17 de logging_3, hauteur 45
[Tick 267] Nouveau bloc accepté: EMKAMA_0_26 de EMKAMA_0, hauteur 27
[Tick 268] Nouveau bloc accepté: logging_4_16 de logging_4, hauteur 45
[Tick 270] Tentative de minage au tick 270
[Tick 273] Bloc rejeté: logging_2_16 de basic_0
[Tick 275] Nouveau bloc accepté: basic_0_18 de greedy_1, hauteur 45
[Tick 276] Bloc rejeté: greedy_1_25 de greedy_1
[Tick 277] Choix du parent: logging_2_16 (hauteur 45)
[Tick 277] Nouveau bloc accepté: logging_0_18 de greedy_1, hauteur 46
[Tick 278] Nouveau bloc accepté: logging_1_17 de basic_0, hauteur 46
[Tick 280] Tentative de minage au tick 280
[Tick 281] Bloc rejeté: logging_2_17 de logging_4
[Tick 283] Nouveau bloc accepté: basic_0_19 de basic_0, hauteur 47
[Tick 283] Nouveau bloc accepté: greedy_0_27 de EMKAMA_0, hauteur 47
[Tick 284] Nouveau bloc accepté: conservative_0_12 de conservative_0, hauteur 48
[Tick 285] Nouveau bloc accepté: greedy_1_26 de greedy_1, hauteur 48
[Tick 285] Nouveau bloc accepté: EMKAMA_0_27 de logging_1, hauteur 28
[Tick 287] Nouveau bloc accepté: logging_4_17 de logging_4, hauteur 49
[Tick 287] Nouveau bloc accepté: logging_1_18 de logging_1, hauteur 50
[Tick 287] Nouveau bloc accepté: greedy_0_28 de basic_0, hauteur 48
[Tick 288] Choix du parent: logging_1_18 (hauteur 50)
[Tick 288] Nouveau bloc accepté: logging_0_19 de logging_4, hauteur 47
[Tick 290] Tentative de minage au tick 290
[Tick 290] Nouveau bloc accepté: EMKAMA_0_28 de basic_0, hauteur 29
[Tick 291] Nouveau bloc accepté: logging_4_18 de logging_4, hauteur 50
[Tick 291] Nouveau bloc accepté: logging_0_20 de logging_0, hauteur 50
[Tick 293] Nouveau bloc accepté: logging_3_18 de logging_3, hauteur 49
[Tick 294] Nouveau bloc accepté: EMKAMA_0_29 de EMKAMA_0, hauteur 30
[Tick 295] Bloc rejeté: basic_0_20 de basic_0
[Tick 296] Choix du parent: logging_2_18 (hauteur 51)
[Tick 297] Bloc rejeté: logging_2_18 de greedy_1
[Tick 297] Nouveau bloc accepté: conservative_0_13 de logging_4, hauteur 51
[Tick 298] Nouveau bloc accepté: greedy_1_27 de logging_1, hauteur 51
[Tick 299] Nouveau bloc accepté: logging_3_19 de logging_3, hauteur 51
[Tick 300] Tentative de minage au tick 300
[Tick 301] Bloc rejeté: logging_2_19 de EMKAMA_0
[Tick 302] Nouveau bloc accepté: greedy_0_29 de greedy_0, hauteur 52
[Tick 302] Nouveau bloc accepté: logging_1_19 de logging_1, hauteur 53
[Tick 305] Choix du parent: logging_1_19 (hauteur 53)
[Tick 310] Tentative de minage au tick 310
[Tick 310] Nouveau bloc accepté: EMKAMA_0_30 de logging_1, hauteur 31
[Tick 311] Nouveau bloc accepté: logging_4_19 de logging_4, hauteur 54
[Tick 314] Nouveau bloc accepté: EMKAMA_0_31 de greedy_0, hauteur 32
[Tick 315] Bloc rejeté: greedy_0_30 de greedy_0
[Tick 316] Bloc rejeté: basic_0_21 de basic_0
[Tick 316] Nouveau bloc accepté: logging_1_20 de greedy_1, hauteur 55
[Tick 316] Nouveau bloc accepté: greedy_1_28 de EMKAMA_0, hauteur 53
[Tick 317] Nouveau bloc accepté: logging_0_21 de logging_0, hauteur 54
[Tick 317] Nouveau bloc accepté: logging_3_20 de logging_0, hauteur 56
[Tick 319] Choix du parent: logging_3_20 (hauteur 56)
[Tick 320] Tentative de minage au tick 320
[Tick 321] Nouveau bloc accepté: conservative_0_14 de basic_0, hauteur 55
[Tick 321] Nouveau bloc accepté: greedy_1_29 de logging_3, hauteur 56
[Tick 323] Bloc rejeté: logging_2_20 de greedy_1
[Tick 323] Nouveau bloc accepté: EMKAMA_0_32 de EMKAMA_0, hauteur 33
[Tick 325] Bloc rejeté: logging_2_21 de logging_3
[Tick 326] Nouveau bloc accepté: logging_4_20 de greedy_0, hauteur 55
[Tick 327] Nouveau bloc accepté: greedy_1_30 de greedy_1, hauteur 58
[Tick 327] Nouveau bloc accepté: logging_4_21 de greedy_1, hauteur 57
[Tick 329] Nouveau bloc accepté: conservative_0_15 de conservative_0, hauteur 58
[Tick 329] Nouveau bloc accepté: greedy_0_31 de logging_4, hauteur 57
[Tick 330] Tentative de minage au tick 330
[Tick 331] Nouveau bloc accepté: EMKAMA_0_33 de EMKAMA_0, hauteur 34
[Tick 332] Choix du parent: greedy_1_30 (hauteur 58)
[Tick 332] Nouveau bloc accepté: greedy_1_31 de greedy_1, hauteur 59
[Tick 332] Nouveau bloc accepté: logging_0_22 de EMKAMA_0, hauteur 59
[Tick 333] Nouveau bloc accepté: logging_3_21 de logging_3, hauteur 59
[Tick 335] Nouveau bloc accepté: basic_0_22 de EMKAMA_0, hauteur 57
[Tick 340] Tentative de minage au tick 340
[Tick 340] Nouveau bloc accepté: logging_1_21 de logging_0, hauteur 59
[Tick 340] Bloc rejeté: logging_2_22 de EMKAMA_0
[Tick 344] Nouveau bloc accepté: basic_0_23 de logging_4, hauteur 60
[Tick 345] Nouveau bloc accepté: logging_4_22 de logging_4, hauteur 60
[Tick 345] Nouveau bloc accepté: greedy_1_32 de greedy_1, hauteur 61
[Tick 345] Nouveau bloc accepté: greedy_0_32 de basic_0, hauteur 60
[Tick 346] Choix du parent: greedy_1_32 (hauteur 61)
[Tick 348] Nouveau bloc accepté: logging_3_22 de logging_1, hauteur 61
[Tick 350] Tentative de minage au tick 350
[Tick 351] Nouveau bloc accepté: conservative_0_16 de greedy_0, hauteur 61
[Tick 351] Nouveau bloc accepté: logging_1_22 de logging_1, hauteur 62
[Tick 351] Nouveau bloc accepté: logging_4_23 de logging_0, hauteur 61
[Tick 355] Nouveau bloc accepté: basic_0_24 de logging_1, hauteur 62
[Tick 356] Nouveau bloc accepté: logging_0_23 de basic_0, hauteur 61
[Tick 357] Bloc rejeté: EMKAMA_0_35 de EMKAMA_0
[Tick 357] Nouveau bloc accepté: EMKAMA_0_34 de basic_0, hauteur 35
[Tick 357] Nouveau bloc accepté: greedy_1_33 de basic_0, hauteur 62
[Tick 359] Bloc rejeté: logging_2_23 de logging_4
[Tick 359] Nouveau bloc accepté: EMKAMA_0_36 de logging_0, hauteur 37
[Tick 360] Tentative de minage au tick 360
[Tick 360] Nouveau bloc accepté: logging_3_23 de logging_3, hauteur 63
[Tick 361] Nouveau bloc accepté: greedy_0_33 de logging_4, hauteur 63
[Tick 362] Choix du parent: logging_3_23 (hauteur 63)
[Tick 368] Bloc rejeté: logging_2_24 de EMKAMA_0
[Tick 369] Nouveau bloc accepté: logging_1_23 de logging_1, hauteur 64
[Tick 369] Nouveau bloc accepté: conservative_0_17 de logging_1, hauteur 64
[Tick 370] Tentative de minage au tick 370
[Tick 374] Nouveau bloc accepté: greedy_0_34 de logging_0, hauteur 64
[Tick 374] Nouveau bloc accepté: logging_0_24 de logging_1, hauteur 65
[Tick 375] Bloc rejeté: logging_4_24 de logging_4
[Tick 376] Nouveau bloc accepté: EMKAMA_0_37 de basic_0, hauteur 38
[Tick 377] Bloc rejeté: basic_0_25 de basic_0
[Tick 379] Nouveau bloc accepté: logging_3_24 de EMKAMA_0, hauteur 64
[Tick 380] Tentative de minage au tick 380
[Tick 380] Nouveau bloc accepté: greedy_1_34 de logging_1, hauteur 65
[Tick 381] Nouveau bloc accepté: logging_3_25 de greedy_1, hauteur 66
[Tick 383] Nouveau bloc accepté: greedy_0_35 de greedy_0, hauteur 66
[Tick 383] Nouveau bloc accepté: greedy_1_35 de logging_1, hauteur 66
[Tick 384] Choix du parent: logging_4_24 (hauteur 66)
[Tick 385] Nouveau bloc accepté: EMKAMA_0_38 de EMKAMA_0, hauteur 39
[Tick 385] Bloc rejeté: logging_2_25 de logging_0
[Tick 388] Nouveau bloc accepté: logging_0_25 de logging_4, hauteur 67
[Tick 389] Nouveau bloc accepté: logging_1_24 de logging_1, hauteur 67
[Tick 389] Nouveau bloc accepté: conservative_0_18 de conservative_0, hauteur 68
[Tick 390] Tentative de minage au tick 390
[Tick 390] Nouveau bloc accepté: EMKAMA_0_39 de greedy_0, hauteur 40
[Tick 392] Nouveau bloc accepté: greedy_0_36 de greedy_0, hauteur 68
[Tick 392] Nouveau bloc accepté: logging_3_26 de logging_3, hauteur 68
[Tick 392] Nouveau bloc accepté: greedy_1_36 de logging_3, hauteur 68
[Tick 393] Nouveau bloc accepté: EMKAMA_0_40 de EMKAMA_0, hauteur 41
[Tick 395] Nouveau bloc accepté: logging_1_25 de logging_1, hauteur 69
[Tick 395] Nouveau bloc accepté: logging_4_25 de EMKAMA_0, hauteur 67
[Tick 399] Nouveau bloc accepté: logging_0_26 de basic_0, hauteur 69
[Tick 400] Tentative de minage au tick 400
[Tick 401] Nouveau bloc accepté: greedy_0_37 de greedy_0, hauteur 69
[Tick 403] Choix du parent: logging_1_25 (hauteur 69)
[Tick 404] Nouveau bloc accepté: basic_0_26 de EMKAMA_0, hauteur 69
[Tick 405] Nouveau bloc accepté: greedy_1_37 de greedy_1, hauteur 70
[Tick 406] Nouveau bloc accepté: logging_4_26 de logging_0, hauteur 70
[Tick 408] Nouveau bloc accepté: logging_3_27 de logging_3, hauteur 70
[Tick 408] Bloc rejeté: logging_2_26 de logging_4
[Tick 410] Tentative de minage au tick 410
[Tick 411] Nouveau bloc accepté: EMKAMA_0_41 de EMKAMA_0, hauteur 42
[Tick 413] Nouveau bloc accepté: logging_1_26 de logging_1, hauteur 70
[Tick 413] Nouveau bloc accepté: conservative_0_19 de conservative_0, hauteur 71
[Tick 414] Nouveau bloc accepté: logging_0_27 de logging_0, hauteur 71
[Tick 416] Choix du parent: conservative_0_19 (hauteur 71)
[Tick 417] Nouveau bloc accepté: greedy_1_38 de logging_1, hauteur 71
[Tick 417] Bloc rejeté: logging_2_27 de EMKAMA_0
[Tick 419] Nouveau bloc accepté: greedy_1_39 de greedy_1, hauteur 72
[Tick 420] Tentative de minage au tick 420
[Tick 423] Nouveau bloc accepté: basic_0_27 de basic_0, hauteur 72
[Tick 423] Bloc rejeté: logging_1_27 de logging_1
[Tick 423] Nouveau bloc accepté: logging_4_27 de greedy_1, hauteur 72
[Tick 423] Nouveau bloc accepté: logging_3_28 de greedy_1, hauteur 72
[Tick 424] Nouveau bloc accepté: greedy_0_38 de greedy_1, hauteur 71
[Tick 428] Nouveau bloc accepté: greedy_0_39 de greedy_0, hauteur 72
[Tick 428] Nouveau bloc accepté: basic_0_28 de logging_0, hauteur 73
[Tick 429] Choix du parent: logging_1_27 (hauteur 73)
[Tick 429] Nouveau bloc accepté: EMKAMA_0_42 de EMKAMA_0, hauteur 43
[Tick 430] Tentative de minage au tick 430
[Tick 430] Nouveau bloc accepté: conservative_0_20 de conservative_0, hauteur 73
[Tick 431] Nouveau bloc accepté: EMKAMA_0_43 de logging_3, hauteur 44
[Tick 432] Nouveau bloc accepté: logging_3_29 de logging_3, hauteur 73
[Tick 433] Nouveau bloc accepté: logging_0_28 de logging_0, hauteur 73
[Tick 434] Bloc rejeté: logging_2_28 de logging_1
[Tick 439] Nouveau bloc accepté: logging_1_28 de logging_1, hauteur 75
[Tick 439] Nouveau bloc accepté: greedy_1_40 de logging_3, hauteur 74
[Tick 440] Tentative de minage au tick 440
[Tick 441] Choix du parent: logging_1_28 (hauteur 75)
[Tick 441] Nouveau bloc accepté: logging_4_28 de greedy_1, hauteur 74
[Tick 443] Nouveau bloc accepté: EMKAMA_0_44 de EMKAMA_0, hauteur 45
[Tick 446] Nouveau bloc accepté: basic_0_29 de basic_0, hauteur 74
[Tick 447] Nouveau bloc accepté: greedy_0_40 de logging_0, hauteur 74
[Tick 448] Nouveau bloc accepté: logging_0_29 de logging_3, hauteur 75
[Tick 450] Tentative de minage au tick 450
[Tick 450] Nouveau bloc accepté: logging_1_29 de logging_0, hauteur 76
[Tick 451] Nouveau bloc accepté: greedy_0_41 de greedy_0, hauteur 76
[Tick 452] Nouveau bloc accepté: logging_3_30 de greedy_0, hauteur 75
[Tick 452] Bloc rejeté: logging_2_29 de basic_0
[Tick 453] Nouveau bloc accepté: greedy_1_41 de greedy_1, hauteur 76
[Tick 453] Nouveau bloc accepté: logging_0_30 de greedy_1, hauteur 76
[Tick 453] Nouveau bloc accepté: basic_0_30 de logging_4, hauteur 77
[Tick 454] Nouveau bloc accepté: logging_4_29 de logging_4, hauteur 77
[Tick 454] Nouveau bloc accepté: logging_3_31 de EMKAMA_0, hauteur 78
[Tick 457] Choix du parent: logging_3_31 (hauteur 78)
[Tick 458] Nouveau bloc accepté: greedy_1_42 de greedy_1, hauteur 77
[Tick 459] Nouveau bloc accepté: greedy_0_42 de logging_0, hauteur 77
[Tick 460] Tentative de minage au tick 460
[Tick 461] Nouveau bloc accepté: EMKAMA_0_45 de EMKAMA_0, hauteur 46
[Tick 461] Nouveau bloc accepté: conservative_0_21 de greedy_1, hauteur 77
[Tick 464] Choix du parent: logging_2_30 (hauteur 79)
[Tick 464] Nouveau bloc accepté: EMKAMA_0_46 de EMKAMA_0, hauteur 47
[Tick 465] Nouveau bloc accepté: basic_0_31 de EMKAMA_0, hauteur 79
[Tick 466] Nouveau bloc accepté: logging_1_30 de logging_1, hauteur 79
[Tick 466] Nouveau bloc accepté: conservative_0_22 de logging_4, hauteur 79
[Tick 468] Nouveau bloc accepté: basic_0_32 de logging_0, hauteur 80
[Tick 469] Nouveau bloc accepté: greedy_1_43 de greedy_1, hauteur 79
[Tick 470] Tentative de minage au tick 470
[Tick 470] Nouveau bloc accepté: greedy_0_43 de greedy_0, hauteur 80
[Tick 471] Bloc rejeté: logging_2_30 de logging_4
[Tick 472] Nouveau bloc accepté: logging_0_31 de basic_0, hauteur 79
[Tick 474] Bloc rejeté: logging_2_31 de greedy_1
[Tick 476] Nouveau bloc accepté: logging_3_32 de logging_3, hauteur 81
[Tick 477] Nouveau bloc accepté: greedy_1_44 de basic_0, hauteur 80
[Tick 480] Tentative de minage au tick 480
[Tick 481] Choix du parent: logging_3_32 (hauteur 81)
[Tick 481] Nouveau bloc accepté: logging_1_31 de logging_4, hauteur 81
[Tick 481] Nouveau bloc accepté: logging_0_32 de greedy_0, hauteur 81
[Tick 483] Nouveau bloc accepté: greedy_1_45 de greedy_1, hauteur 81
[Tick 484] Nouveau bloc accepté: EMKAMA_0_47 de EMKAMA_0, hauteur 48
[Tick 485] Nouveau bloc accepté: greedy_0_44 de EMKAMA_0, hauteur 82
[Tick 485] Nouveau bloc accepté: basic_0_33 de logging_1, hauteur 82
[Tick 486] Nouveau bloc accepté: logging_4_30 de logging_3, hauteur 81
[Tick 488] Nouveau bloc accepté: greedy_1_46 de greedy_1, hauteur 83
[Tick 490] Tentative de minage au tick 490
[Tick 490] Nouveau bloc accepté: EMKAMA_0_48 de EMKAMA_0, hauteur 49
[Tick 490] Bloc rejeté: logging_2_32 de basic_0
[Tick 490] Nouveau bloc accepté: EMKAMA_0_49 de basic_0, hauteur 50
[Tick 492] Nouveau bloc accepté: logging_3_33 de logging_3, hauteur 83
[Tick 493] Nouveau bloc accepté: greedy_0_45 de greedy_0, hauteur 83
[Tick 493] Nouveau bloc accepté: logging_0_33 de logging_0, hauteur 83
[Tick 493] Nouveau bloc accepté: logging_1_32 de logging_1, hauteur 84
[Tick 496] Nouveau bloc accepté: greedy_0_46 de logging_0, hauteur 84
[Tick 497] Choix du parent: logging_1_32 (hauteur 84)
[Tick 497] Nouveau bloc accepté: greedy_1_47 de logging_0, hauteur 84
[Tick 500] Tentative de minage au tick 500
[Tick 500] Nouveau bloc accepté: conservative_0_23 de conservative_0, hauteur 84
[Tick 501] Nouveau bloc accepté: EMKAMA_0_50 de logging_1, hauteur 51
[Tick 502] Nouveau bloc accepté: logging_4_31 de greedy_1, hauteur 84
[Tick 502] Bloc rejeté: logging_2_33 de logging_3
[Tick 510] Tentative de minage au tick 510
[Tick 510] Nouveau bloc accepté: greedy_0_47 de logging_1, hauteur 86
[Tick 510] Nouveau bloc accepté: EMKAMA_0_51 de logging_1, hauteur 52
[Tick 510] Nouveau bloc accepté: logging_1_33 de greedy_0, hauteur 87
[Tick 511] Nouveau bloc accepté: logging_0_34 de EMKAMA_0, hauteur 85
[Tick 512] Nouveau bloc accepté: logging_3_34 de logging_3, hauteur 87
[Tick 514] Choix du parent: logging_1_33 (hauteur 87)
[Tick 514] Nouveau bloc accepté: basic_0_34 de basic_0, hauteur 85
[Tick 516] Nouveau bloc accepté: greedy_1_48 de greedy_1, hauteur 86
[Tick 519] Nouveau bloc accepté: logging_4_32 de logging_1, hauteur 87
[Tick 520] Tentative de minage au tick 520
[Tick 522] Nouveau bloc accepté: conservative_0_24 de conservative_0, hauteur 88
[Tick 524] Nouveau bloc accepté: basic_0_35 de basic_0, hauteur 89
[Tick 524] Bloc rejeté: logging_2_34 de basic_0
[Tick 524] Nouveau bloc accepté: greedy_0_48 de EMKAMA_0, hauteur 88
[Tick 524] Nouveau bloc accepté: greedy_0_49 de logging_1, hauteur 89
[Tick 526] Nouveau bloc accepté: logging_0_36 de logging_0, hauteur 90
[Tick 527] Nouveau bloc accepté: EMKAMA_0_52 de EMKAMA_0, hauteur 53
[Tick 528] Nouveau bloc accepté: logging_0_35 de greedy_0, hauteur 88
[Tick 528] Nouveau bloc accepté: logging_1_34 de greedy_1, hauteur 89
[Tick 528] Nouveau bloc accepté: EMKAMA_0_53 de EMKAMA_0, hauteur 54
[Tick 529] Nouveau bloc accepté: greedy_1_49 de greedy_0, hauteur 89
[Tick 530] Tentative de minage au tick 530
[Tick 532] Choix du parent: logging_0_36 (hauteur 90)
[Tick 533] Bloc rejeté: logging_2_35 de logging_1
[Tick 533] Bloc rejeté: logging_4_33 de EMKAMA_0
[Tick 534] Nouveau bloc accepté: greedy_1_50 de greedy_1, hauteur 90
[Tick 534] Nouveau bloc accepté: basic_0_36 de basic_0, hauteur 91
[Tick 535] Nouveau bloc accepté: conservative_0_25 de logging_4, hauteur 91
[Tick 538] Nouveau bloc accepté: greedy_1_51 de EMKAMA_0, hauteur 92
[Tick 540] Tentative de minage au tick 540
[Tick 540] Nouveau bloc accepté: greedy_0_50 de greedy_0, hauteur 92
[Tick 540] Nouveau bloc accepté: logging_3_35 de greedy_1, hauteur 90
[Tick 542] Nouveau bloc accepté: logging_1_35 de logging_0, hauteur 92
[Tick 543] Nouveau bloc accepté: logging_0_37 de logging_4, hauteur 92
[Tick 543] Nouveau bloc accepté: logging_3_36 de logging_3, hauteur 93
[Tick 546] Nouveau bloc accepté: EMKAMA_0_54 de logging_1, hauteur 55
[Tick 546] Nouveau bloc accepté: logging_4_34 de logging_4, hauteur 93
[Tick 547] Nouveau bloc accepté: EMKAMA_0_55 de EMKAMA_0, hauteur 56
[Tick 550] Tentative de minage au tick 550
[Tick 551] Nouveau bloc accepté: greedy_1_52 de EMKAMA_0, hauteur 93
[Tick 552] Nouveau bloc accepté: logging_0_38 de EMKAMA_0, hauteur 94
[Tick 553] Choix du parent: logging_0_38 (hauteur 94)
[Tick 553] Nouveau bloc accepté: greedy_0_51 de logging_0, hauteur 94
[Tick 555] Nouveau bloc accepté: basic_0_37 de basic_0, hauteur 93
[Tick 558] Nouveau bloc accepté: conservative_0_26 de greedy_1, hauteur 94
[Tick 559] Nouveau bloc accepté: greedy_0_52 de greedy_0, hauteur 95
[Tick 559] Nouveau bloc accepté: logging_4_35 de logging_4, hauteur 95
[Tick 560] Tentative de minage au tick 560
[Tick 561] Nouveau bloc accepté: greedy_1_53 de greedy_1, hauteur 95
[Tick 562] Nouveau bloc accepté: logging_1_36 de logging_1, hauteur 95
[Tick 564] Nouveau bloc accepté: logging_3_37 de logging_3, hauteur 96
[Tick 565] Bloc rejeté: logging_2_36 de logging_0
[Tick 569] Choix du parent: logging_3_37 (hauteur 96)
[Tick 569] Nouveau bloc accepté: EMKAMA_0_56 de EMKAMA_0, hauteur 57
[Tick 569] Nouveau bloc accepté: logging_0_39 de logging_0, hauteur 96
[Tick 570] Tentative de minage au tick 570
[Tick 570] Nouveau bloc accepté: basic_0_38 de logging_3, hauteur 96
[Tick 571] Nouveau bloc accepté: greedy_1_54 de logging_4, hauteur 96
[Tick 574] Nouveau bloc accepté: conservative_0_27 de conservative_0, hauteur 97
[Tick 575] Nouveau bloc accepté: greedy_0_53 de greedy_0, hauteur 96
[Tick 577] Nouveau bloc accepté: EMKAMA_0_57 de EMKAMA_0, hauteur 58
[Tick 578] Nouveau bloc accepté: logging_4_36 de greedy_0, hauteur 96
[Tick 579] Bloc rejeté: logging_2_37 de greedy_0
[Tick 580] Tentative de minage au tick 580
[Tick 581] Nouveau bloc accepté: logging_3_38 de logging_3, hauteur 97
[Tick 581] Nouveau bloc accepté: logging_1_37 de greedy_0, hauteur 97
[Tick 581] Nouveau bloc accepté: logging_0_40 de greedy_0, hauteur 98
[Tick 584] Choix du parent: logging_0_40 (hauteur 98)
[Tick 584] Nouveau bloc accepté: logging_1_38 de logging_1, hauteur 98
[Tick 585] Nouveau bloc accepté: basic_0_39 de basic_0, hauteur 98
[Tick 586] Nouveau bloc accepté: EMKAMA_0_58 de EMKAMA_0, hauteur 59
[Tick 587] Nouveau bloc accepté: logging_4_37 de logging_4, hauteur 98
[Tick 590] Tentative de minage au tick 590
[Tick 590] Nouveau bloc accepté: greedy_1_55 de greedy_1, hauteur 98
[Tick 590] Bloc rejeté: logging_2_38 de basic_0
[Tick 591] Bloc rejeté: greedy_0_55 de greedy_0
[Tick 594] Nouveau bloc accepté: greedy_0_54 de greedy_0, hauteur 98
[Tick 594] Nouveau bloc accepté: EMKAMA_0_59 de EMKAMA_0, hauteur 60
[Tick 600] Tentative de minage au tick 600
[Tick 600] Choix du parent: logging_2_38 (hauteur 99)
[Tick 600] Nouveau bloc accepté: logging_3_39 de logging_4, hauteur 100
[Tick 602] Nouveau bloc accepté: greedy_1_56 de greedy_1, hauteur 99
[Tick 602] Nouveau bloc accepté: greedy_0_56 de EMKAMA_0, hauteur 100
[Tick 602] Nouveau bloc accepté: greedy_1_57 de logging_1, hauteur 100
[Tick 603] Nouveau bloc accepté: conservative_0_28 de EMKAMA_0, hauteur 100
[Tick 603] Nouveau bloc accepté: logging_1_39 de logging_1, hauteur 101
[Tick 604] Bloc rejeté: logging_2_39 de EMKAMA_0
[Tick 604] Nouveau bloc accepté: EMKAMA_0_60 de logging_0, hauteur 61
[Tick 605] Nouveau bloc accepté: greedy_1_58 de greedy_1, hauteur 101
[Tick 607] Nouveau bloc accepté: basic_0_40 de logging_4, hauteur 101
[Tick 607] Nouveau bloc accepté: EMKAMA_0_61 de greedy_1, hauteur 62
[Tick 609] Nouveau bloc accepté: greedy_0_57 de logging_3, hauteur 101
[Tick 610] Tentative de minage au tick 610
[Tick 610] Nouveau bloc accepté: logging_4_38 de logging_4, hauteur 101
[Tick 611] Nouveau bloc accepté: logging_0_41 de logging_0, hauteur 101
[Tick 613] Nouveau bloc accepté: conservative_0_29 de EMKAMA_0, hauteur 102
[Tick 617] Nouveau bloc accepté: basic_0_41 de basic_0, hauteur 102
[Tick 618] Nouveau bloc accepté: logging_3_40 de logging_3, hauteur 102
[Tick 618] Nouveau bloc accepté: EMKAMA_0_62 de greedy_1, hauteur 63
[Tick 620] Tentative de minage au tick 620
[Tick 620] Choix du parent: conservative_0_29 (hauteur 102)
[Tick 620] Nouveau bloc accepté: greedy_1_59 de greedy_0, hauteur 103
[Tick 622] Nouveau bloc accepté: logging_0_42 de logging_0, hauteur 102
[Tick 625] Bloc rejeté: logging_2_40 de basic_0
[Tick 625] Nouveau bloc accepté: logging_4_39 de EMKAMA_0, hauteur 102
[Tick 628] Nouveau bloc accepté: logging_3_41 de logging_3, hauteur 103
[Tick 628] Nouveau bloc accepté: greedy_0_58 de greedy_0, hauteur 104
[Tick 630] Tentative de minage au tick 630
[Tick 631] Nouveau bloc accepté: greedy_1_60 de EMKAMA_0, hauteur 104
[Tick 631] Nouveau bloc accepté: logging_1_40 de logging_3, hauteur 103
[Tick 633] Nouveau bloc accepté: EMKAMA_0_63 de logging_0, hauteur 64
[Tick 635] Bloc rejeté: logging_0_43 de logging_0
[Tick 636] Nouveau bloc accepté: greedy_0_59 de greedy_0, hauteur 105
[Tick 636] Bloc rejeté: basic_0_43 de basic_0
[Tick 637] Nouveau bloc accepté: logging_3_42 de logging_3, hauteur 104
[Tick 637] Nouveau bloc accepté: logging_4_40 de logging_1, hauteur 104
[Tick 640] Tentative de minage au tick 640
[Tick 640] Nouveau bloc accepté: basic_0_42 de greedy_1, hauteur 104
[Tick 641] Nouveau bloc accepté: greedy_0_60 de greedy_0, hauteur 106
[Tick 643] Choix du parent: basic_0_43 (hauteur 106)
[Tick 643] Nouveau bloc accepté: greedy_1_61 de greedy_1, hauteur 107
[Tick 644] Nouveau bloc accepté: conservative_0_30 de logging_4, hauteur 105
[Tick 645] Bloc rejeté: logging_2_41 de logging_3
[Tick 646] Nouveau bloc accepté: EMKAMA_0_64 de EMKAMA_0, hauteur 65
[Tick 646] Nouveau bloc accepté: greedy_0_61 de greedy_0, hauteur 107
[Tick 646] Nouveau bloc accepté: logging_3_43 de logging_3, hauteur 106
[Tick 646] Nouveau bloc accepté: logging_1_41 de logging_1, hauteur 108
[Tick 650] Tentative de minage au tick 650
[Tick 650] Nouveau bloc accepté: logging_4_41 de logging_4, hauteur 108
[Tick 650] Nouveau bloc accepté: conservative_0_31 de logging_3, hauteur 107
[Tick 651] Nouveau bloc accepté: basic_0_44 de basic_0, hauteur 107
[Tick 651] Nouveau bloc accepté: logging_3_44 de logging_3, hauteur 109
[Tick 655] Nouveau bloc accepté: EMKAMA_0_65 de EMKAMA_0, hauteur 66
[Tick 657] Nouveau bloc accepté: greedy_1_62 de greedy_1, hauteur 109
[Tick 658] Nouveau bloc accepté: logging_0_44 de EMKAMA_0, hauteur 109
[Tick 659] Choix du parent: logging_3_44 (hauteur 109)
[Tick 659] Nouveau bloc accepté: greedy_0_62 de greedy_0, hauteur 108
[Tick 659] Nouveau bloc accepté: basic_0_45 de basic_0, hauteur 109
[Tick 660] Tentative de minage au tick 660
[Tick 661] Nouveau bloc accepté: logging_4_42 de logging_4, hauteur 109
[Tick 664] Nouveau bloc accepté: logging_1_42 de logging_1, hauteur 110
[Tick 664] Nouveau bloc accepté: greedy_1_63 de greedy_1, hauteur 110
[Tick 664] Bloc rejeté: logging_2_42 de greedy_0
[Tick 666] Nouveau bloc accepté: EMKAMA_0_66 de basic_0, hauteur 67
[Tick 667] Choix du parent: logging_2_42 (hauteur 110)
[Tick 669] Nouveau bloc accepté: greedy_0_63 de logging_4, hauteur 110
[Tick 669] Nouveau bloc accepté: greedy_1_64 de greedy_1, hauteur 111
[Tick 670] Tentative de minage au tick 670
[Tick 670] Nouveau bloc accepté: logging_0_45 de logging_0, hauteur 111
[Tick 673] Nouveau bloc accepté: logging_3_45 de logging_4, hauteur 111
[Tick 674] Nouveau bloc accepté: conservative_0_32 de EMKAMA_0, hauteur 112
[Tick 675] Nouveau bloc accepté: logging_4_43 de logging_4, hauteur 112
[Tick 675] Nouveau bloc accepté: greedy_0_64 de basic_0, hauteur 111
[Tick 677] Bloc rejeté: logging_2_43 de logging_0
[Tick 678] Choix du parent: conservative_0_32 (hauteur 112)
[Tick 679] Bloc rejeté: logging_3_46 de logging_3
[Tick 680] Tentative de minage au tick 680
[Tick 681] Nouveau bloc accepté: EMKAMA_0_67 de logging_0, hauteur 68
[Tick 682] Nouveau bloc accepté: greedy_0_65 de greedy_1, hauteur 112
[Tick 682] Nouveau bloc accepté: greedy_1_65 de logging_3, hauteur 112
[Tick 682] Nouveau bloc accepté: logging_1_43 de greedy_0, hauteur 113
[Tick 683] Nouveau bloc accepté: greedy_0_66 de greedy_0, hauteur 113
[Tick 683] Nouveau bloc accepté: basic_0_46 de greedy_1, hauteur 112
[Tick 684] Nouveau bloc accepté: EMKAMA_0_68 de logging_3, hauteur 69
[Tick 687] Nouveau bloc accepté: logging_0_46 de logging_4, hauteur 113
[Tick 688] Choix du parent: logging_2_44 (hauteur 113)
[Tick 688] Bloc rejeté: logging_2_44 de logging_4
[Tick 689] Nouveau bloc accepté: logging_4_44 de logging_4, hauteur 114
[Tick 690] Tentative de minage au tick 690
[Tick 691] Nouveau bloc accepté: greedy_1_66 de greedy_1, hauteur 114
[Tick 693] Nouveau bloc accepté: greedy_0_67 de greedy_0, hauteur 115
[Tick 693] Bloc rejeté: logging_2_45 de logging_1
[Tick 694] Nouveau bloc accepté: basic_0_47 de greedy_0, hauteur 114
[Tick 694] Nouveau bloc accepté: logging_3_47 de logging_3, hauteur 116
[Tick 696] Nouveau bloc accepté: EMKAMA_0_69 de EMKAMA_0, hauteur 70
[Tick 698] Nouveau bloc accepté: greedy_1_67 de basic_0, hauteur 115
[Tick 699] Nouveau bloc accepté: conservative_0_33 de conservative_0, hauteur 114
[Tick 700] Tentative de minage au tick 700
[Tick 703] Choix du parent: logging_3_47 (hauteur 116)
[Tick 703] Nouveau bloc accepté: logging_1_44 de logging_1, hauteur 117
[Tick 703] Nouveau bloc accepté: logging_0_47 de logging_4, hauteur 117
[Tick 703] Nouveau bloc accepté: EMKAMA_0_70 de greedy_1, hauteur 71
[Tick 703] Nouveau bloc accepté: EMKAMA_0_71 de logging_4, hauteur 72
[Tick 704] Bloc rejeté: logging_2_46 de logging_4
[Tick 705] Nouveau bloc accepté: basic_0_48 de basic_0, hauteur 115
[Tick 706] Nouveau bloc accepté: logging_3_48 de logging_3, hauteur 118
[Tick 706] Nouveau bloc accepté: greedy_0_68 de logging_1, hauteur 117
[Tick 708] Nouveau bloc accepté: logging_4_45 de logging_4, hauteur 118
[Tick 709] Nouveau bloc accepté: EMKAMA_0_72 de EMKAMA_0, hauteur 73
[Tick 710] Tentative de minage au tick 710
[Tick 710] Nouveau bloc accepté: logging_0_48 de greedy_0, hauteur 118
[Tick 713] Nouveau bloc accepté: greedy_1_68 de logging_1, hauteur 119
[Tick 714] Nouveau bloc accepté: basic_0_49 de logging_4, hauteur 119
[Tick 715] Nouveau bloc accepté: greedy_0_69 de logging_3, hauteur 120
[Tick 716] Nouveau bloc accepté: logging_4_46 de greedy_1, hauteur 119
[Tick 716] Nouveau bloc accepté: logging_1_45 de logging_1, hauteur 120
[Tick 717] Nouveau bloc accepté: conservative_0_34 de conservative_0, hauteur 118
[Tick 719] Choix du parent: greedy_0_69 (hauteur 120)
[Tick 720] Tentative de minage au tick 720
[Tick 722] Nouveau bloc accepté: logging_0_49 de logging_0, hauteur 120
[Tick 723] Nouveau bloc accepté: greedy_0_70 de logging_4, hauteur 121
[Tick 725] Nouveau bloc accepté: greedy_1_69 de logging_3, hauteur 121
[Tick 726] Choix du parent: logging_2_47 (hauteur 121)
[Tick 727] Nouveau bloc accepté: logging_0_50 de logging_0, hauteur 122
[Tick 728] Nouveau bloc accepté: EMKAMA_0_73 de basic_0, hauteur 74
[Tick 729] Bloc rejeté: greedy_1_70 de greedy_1
[Tick 730] Tentative de minage au tick 730
[Tick 730] Nouveau bloc accepté: basic_0_50 de basic_0, hauteur 122
[Tick 731] Nouveau bloc accepté: logging_1_46 de logging_0, hauteur 122
[Tick 731] Nouveau bloc accepté: logging_3_49 de logging_4, hauteur 122
[Tick 732] Nouveau bloc accepté: conservative_0_35 de logging_4, hauteur 123
[Tick 733] Nouveau bloc accepté: greedy_0_71 de greedy_0, hauteur 123
[Tick 733] Bloc rejeté: logging_2_48 de logging_4
[Tick 734] Bloc rejeté: logging_2_47 de logging_1
[Tick 736] Nouveau bloc accepté: logging_4_47 de logging_4, hauteur 124
[Tick 736] Nouveau bloc accepté: EMKAMA_0_74 de greedy_0, hauteur 75
[Tick 737] Choix du parent: logging_4_47 (hauteur 124)
[Tick 738] Nouveau bloc accepté: basic_0_51 de basic_0, hauteur 124
[Tick 739] Nouveau bloc accepté: greedy_0_72 de EMKAMA_0, hauteur 124
[Tick 739] Nouveau bloc accepté: logging_3_50 de greedy_1, hauteur 124
[Tick 740] Tentative de minage au tick 740
[Tick 742] Nouveau bloc accepté: logging_0_51 de logging_0, hauteur 124
[Tick 744] Choix du parent: logging_2_49 (hauteur 125)
[Tick 745] Nouveau bloc accepté: logging_1_47 de logging_0, hauteur 125
[Tick 748] Bloc rejeté: greedy_1_72 de greedy_1
[Tick 749] Bloc rejeté: conservative_0_36 de conservative_0
[Tick 750] Tentative de minage au tick 750
[Tick 750] Nouveau bloc accepté: logging_4_48 de EMKAMA_0, hauteur 125
[Tick 751] Nouveau bloc accepté: EMKAMA_0_75 de greedy_0, hauteur 76
[Tick 751] Nouveau bloc accepté: logging_0_52 de logging_1, hauteur 126
[Tick 752] Bloc rejeté: logging_2_49 de logging_3
[Tick 753] Nouveau bloc accepté: greedy_1_71 de logging_4, hauteur 125
[Tick 753] Nouveau bloc accepté: greedy_0_73 de greedy_0, hauteur 126
[Tick 754] Nouveau bloc accepté: logging_1_48 de basic_0, hauteur 126
[Tick 755] Nouveau bloc accepté: greedy_1_73 de greedy_1, hauteur 127
[Tick 758] Choix du parent: greedy_1_73 (hauteur 127)
[Tick 758] Nouveau bloc accepté: logging_3_51 de logging_3, hauteur 126
[Tick 758] Nouveau bloc accepté: basic_0_52 de greedy_1, hauteur 126
[Tick 760] Tentative de minage au tick 760
[Tick 761] Bloc rejeté: logging_2_51 de greedy_1
[Tick 761] Bloc rejeté: logging_2_50 de EMKAMA_0
[Tick 762] Nouveau bloc accepté: logging_4_49 de logging_4, hauteur 128
[Tick 763] Nouveau bloc accepté: logging_0_53 de logging_0, hauteur 129
[Tick 764] Choix du parent: logging_0_53 (hauteur 129)
[Tick 764] Bloc rejeté: EMKAMA_0_77 de EMKAMA_0
[Tick 767] Nouveau bloc accepté: basic_0_53 de basic_0, hauteur 129
[Tick 768] Nouveau bloc accepté: greedy_0_74 de logging_4, hauteur 128
[Tick 768] Nouveau bloc accepté: conservative_0_37 de logging_4, hauteur 129
[Tick 769] Nouveau bloc accepté: logging_3_52 de logging_3, hauteur 130
[Tick 770] Tentative de minage au tick 770
[Tick 772] Nouveau bloc accepté: EMKAMA_0_76 de logging_4, hauteur 77
[Tick 772] Nouveau bloc accepté: logging_1_49 de logging_0, hauteur 130
[Tick 772] Bloc rejeté: logging_2_52 de basic_0
[Tick 776] Choix du parent: logging_2_52 (hauteur 130)
[Tick 778] Nouveau bloc accepté: greedy_1_74 de basic_0, hauteur 129
[Tick 778] Nouveau bloc accepté: logging_3_53 de logging_3, hauteur 131
[Tick 779] Bloc rejeté: logging_2_53 de logging_3
[Tick 780] Tentative de minage au tick 780
[Tick 780] Bloc rejeté: greedy_0_76 de logging_1
[Tick 782] Nouveau bloc accepté: logging_1_50 de logging_1, hauteur 132
[Tick 783] Nouveau bloc accepté: basic_0_54 de basic_0, hauteur 132
[Tick 783] Nouveau bloc accepté: greedy_0_75 de greedy_1, hauteur 131
[Tick 784] Nouveau bloc accepté: logging_4_50 de logging_4, hauteur 130
[Tick 784] Nouveau bloc accepté: EMKAMA_0_78 de logging_4, hauteur 79
[Tick 787] Bloc rejeté: greedy_1_76 de greedy_1
[Tick 787] Nouveau bloc accepté: greedy_1_75 de basic_0, hauteur 132
[Tick 787] Nouveau bloc accepté: logging_4_51 de EMKAMA_0, hauteur 133
[Tick 788] Nouveau bloc accepté: EMKAMA_0_79 de greedy_0, hauteur 80
[Tick 790] Tentative de minage au tick 790
[Tick 791] Nouveau bloc accepté: logging_0_54 de logging_0, hauteur 133
[Tick 792] Nouveau bloc accepté: greedy_1_77 de greedy_1, hauteur 134
[Tick 792] Bloc rejeté: greedy_0_78 de logging_4
[Tick 794] Choix du parent: greedy_1_77 (hauteur 134)
[Tick 798] Bloc rejeté: logging_3_54 de logging_3
[Tick 799] Nouveau bloc accepté: conservative_0_38 de EMKAMA_0, hauteur 135
[Tick 800] Tentative de minage au tick 800
[Tick 800] Nouveau bloc accepté: greedy_0_77 de greedy_0, hauteur 133
[Tick 800] Nouveau bloc accepté: basic_0_55 de basic_0, hauteur 134
[Tick 801] Nouveau bloc accepté: EMKAMA_0_80 de EMKAMA_0, hauteur 81
[Tick 802] Nouveau bloc accepté: logging_1_51 de logging_0, hauteur 134
[Tick 803] Nouveau bloc accepté: greedy_0_79 de greedy_0, hauteur 135
[Tick 804] Bloc rejeté: logging_2_54 de greedy_1
[Tick 807] Nouveau bloc accepté: EMKAMA_0_81 de EMKAMA_0, hauteur 82
[Tick 808] Choix du parent: logging_2_54 (hauteur 135)
[Tick 808] Nouveau bloc accepté: greedy_1_78 de greedy_1, hauteur 136
[Tick 808] Nouveau bloc accepté: logging_4_52 de logging_3, hauteur 136
[Tick 810] Tentative de minage au tick 810
[Tick 813] Nouveau bloc accepté: logging_0_55 de logging_0, hauteur 137
[Tick 813] Nouveau bloc accepté: logging_4_53 de logging_0, hauteur 137
[Tick 816] Bloc rejeté: logging_2_55 de logging_4
[Tick 816] Nouveau bloc accepté: EMKAMA_0_82 de basic_0, hauteur 83
[Tick 817] Nouveau bloc accepté: greedy_1_79 de basic_0, hauteur 137
[Tick 817] Nouveau bloc accepté: greedy_0_80 de logging_4, hauteur 137
[Tick 820] Tentative de minage au tick 820
[Tick 820] Nouveau bloc accepté: EMKAMA_0_83 de EMKAMA_0, hauteur 84
[Tick 821] Choix du parent: logging_0_55 (hauteur 137)
[Tick 821] Nouveau bloc accepté: logging_3_55 de EMKAMA_0, hauteur 138
[Tick 821] Nouveau bloc accepté: greedy_0_81 de greedy_0, hauteur 138
[Tick 822] Nouveau bloc accepté: logging_1_52 de logging_1, hauteur 137
[Tick 823] Bloc rejeté: logging_2_56 de EMKAMA_0
[Tick 825] Nouveau bloc accepté: logging_4_54 de logging_4, hauteur 138
[Tick 826] Nouveau bloc accepté: basic_0_56 de logging_1, hauteur 137
[Tick 827] Nouveau bloc accepté: conservative_0_39 de logging_4, hauteur 138
[Tick 829] Nouveau bloc accepté: greedy_1_80 de logging_0, hauteur 139
[Tick 830] Tentative de minage au tick 830
[Tick 830] Nouveau bloc accepté: conservative_0_40 de EMKAMA_0, hauteur 139
[Tick 830] Nouveau bloc accepté: basic_0_57 de logging_1, hauteur 139
[Tick 830] Nouveau bloc accepté: logging_3_56 de logging_3, hauteur 139
[Tick 832] Nouveau bloc accepté: greedy_0_82 de basic_0, hauteur 139
[Tick 833] Nouveau bloc accepté: EMKAMA_0_84 de EMKAMA_0, hauteur 85
[Tick 834] Nouveau bloc accepté: logging_0_56 de logging_0, hauteur 139
[Tick 835] Nouveau bloc accepté: logging_1_53 de logging_1, hauteur 140
[Tick 836] Nouveau bloc accepté: greedy_1_81 de EMKAMA_0, hauteur 140
[Tick 839] Choix du parent: logging_1_53 (hauteur 140)
[Tick 840] Tentative de minage au tick 840
[Tick 840] Nouveau bloc accepté: basic_0_58 de greedy_0, hauteur 140
[Tick 842] Nouveau bloc accepté: greedy_0_83 de greedy_0, hauteur 141
[Tick 845] Nouveau bloc accepté: logging_1_54 de basic_0, hauteur 141
[Tick 846] Nouveau bloc accepté: logging_4_55 de greedy_1, hauteur 142
[Tick 849] Bloc rejeté: logging_2_57 de EMKAMA_0
[Tick 850] Tentative de minage au tick 850
[Tick 851] Nouveau bloc accepté: logging_0_57 de logging_0, hauteur 141
[Tick 851] Nouveau bloc accepté: EMKAMA_0_85 de greedy_1, hauteur 86
[Tick 851] Nouveau bloc accepté: logging_1_55 de logging_0, hauteur 143
[Tick 852] Nouveau bloc accepté: greedy_1_82 de greedy_1, hauteur 143
[Tick 853] Choix du parent: logging_1_55 (hauteur 143)
[Tick 854] Nouveau bloc accepté: logging_0_58 de logging_4, hauteur 142
[Tick 856] Nouveau bloc accepté: greedy_0_84 de greedy_0, hauteur 143
[Tick 857] Bloc rejeté: logging_3_57 de logging_3
[Tick 858] Bloc rejeté: greedy_1_83 de greedy_1
[Tick 859] Nouveau bloc accepté: basic_0_59 de basic_0, hauteur 144
[Tick 859] Nouveau bloc accepté: EMKAMA_0_86 de greedy_0, hauteur 87
[Tick 859] Nouveau bloc accepté: basic_0_60 de basic_0, hauteur 145
[Tick 860] Tentative de minage au tick 860
[Tick 863] Nouveau bloc accepté: conservative_0_41 de logging_4, hauteur 144
[Tick 863] Bloc rejeté: logging_2_58 de EMKAMA_0
[Tick 863] Nouveau bloc accepté: EMKAMA_0_87 de EMKAMA_0, hauteur 88
[Tick 865] Choix du parent: logging_3_57 (hauteur 145)
[Tick 865] Nouveau bloc accepté: logging_0_59 de logging_1, hauteur 146
[Tick 866] Nouveau bloc accepté: logging_1_56 de greedy_1, hauteur 145
[Tick 870] Tentative de minage au tick 870
[Tick 871] Nouveau bloc accepté: logging_4_56 de logging_3, hauteur 146
[Tick 871] Nouveau bloc accepté: basic_0_61 de basic_0, hauteur 147
[Tick 871] Nouveau bloc accepté: logging_1_57 de basic_0, hauteur 147
[Tick 873] Nouveau bloc accepté: conservative_0_42 de EMKAMA_0, hauteur 146
[Tick 874] Choix du parent: basic_0_61 (hauteur 147)
[Tick 875] Nouveau bloc accepté: greedy_0_85 de logging_0, hauteur 147
[Tick 877] Bloc rejeté: logging_2_59 de basic_0
[Tick 877] Bloc rejeté: logging_2_60 de greedy_0
[Tick 878] Nouveau bloc accepté: greedy_1_84 de greedy_0, hauteur 147
[Tick 879] Nouveau bloc accepté: logging_3_58 de greedy_1, hauteur 147
[Tick 880] Tentative de minage au tick 880
[Tick 881] Nouveau bloc accepté: logging_1_58 de greedy_0, hauteur 148
[Tick 883] Nouveau bloc accepté: greedy_0_86 de greedy_0, hauteur 149
[Tick 884] Nouveau bloc accepté: basic_0_62 de basic_0, hauteur 148
[Tick 885] Nouveau bloc accepté: EMKAMA_0_88 de EMKAMA_0, hauteur 89
[Tick 885] Nouveau bloc accepté: logging_3_59 de logging_3, hauteur 149
[Tick 885] Nouveau bloc accepté: greedy_1_85 de greedy_1, hauteur 150
[Tick 890] Tentative de minage au tick 890
[Tick 890] Nouveau bloc accepté: EMKAMA_0_89 de logging_4, hauteur 90
[Tick 890] Nouveau bloc accepté: logging_4_57 de greedy_1, hauteur 149
[Tick 890] Bloc rejeté: logging_0_61 de logging_0
[Tick 892] Choix du parent: greedy_1_85 (hauteur 150)
[Tick 892] Nouveau bloc accepté: EMKAMA_0_90 de EMKAMA_0, hauteur 91
[Tick 893] Nouveau bloc accepté: logging_0_60 de greedy_1, hauteur 148
[Tick 895] Nouveau bloc accepté: logging_3_60 de logging_3, hauteur 150
[Tick 895] Nouveau bloc accepté: greedy_1_86 de logging_4, hauteur 151
[Tick 895] Nouveau bloc accepté: greedy_0_87 de greedy_1, hauteur 151
[Tick 896] Nouveau bloc accepté: greedy_1_87 de greedy_1, hauteur 153
[Tick 900] Tentative de minage au tick 900
[Tick 900] Bloc rejeté: logging_2_61 de greedy_0
[Tick 903] Nouveau bloc accepté: conservative_0_43 de conservative_0, hauteur 152
[Tick 903] Nouveau bloc accepté: greedy_0_88 de greedy_0, hauteur 153
[Tick 906] Nouveau bloc accepté: logging_1_59 de logging_1, hauteur 152
[Tick 906] Nouveau bloc accepté: logging_0_62 de logging_0, hauteur 153
[Tick 907] Nouveau bloc accepté: basic_0_63 de basic_0, hauteur 154
[Tick 908] Choix du parent: basic_0_63 (hauteur 154)
[Tick 908] Nouveau bloc accepté: logging_4_58 de logging_4, hauteur 154
[Tick 909] Nouveau bloc accepté: EMKAMA_0_91 de logging_0, hauteur 92
[Tick 910] Tentative de minage au tick 910
[Tick 912] Nouveau bloc accepté: EMKAMA_0_92 de logging_3, hauteur 93
[Tick 912] Nouveau bloc accepté: greedy_1_88 de greedy_1, hauteur 155
[Tick 913] Nouveau bloc accepté: logging_3_61 de logging_3, hauteur 152
[Tick 916] Nouveau bloc accepté: conservative_0_44 de EMKAMA_0, hauteur 154
[Tick 917] Nouveau bloc accepté: EMKAMA_0_93 de EMKAMA_0, hauteur 94
[Tick 920] Tentative de minage au tick 920
[Tick 920] Nouveau bloc accepté: logging_3_62 de greedy_0, hauteur 155
[Tick 920] Nouveau bloc accepté: greedy_0_89 de greedy_1, hauteur 155
[Tick 921] Choix du parent: logging_2_62 (hauteur 155)
[Tick 921] Nouveau bloc accepté: logging_0_63 de greedy_1, hauteur 155
[Tick 922] Bloc rejeté: logging_2_62 de greedy_1
[Tick 922] Nouveau bloc accepté: logging_1_60 de logging_1, hauteur 156
[Tick 922] Nouveau bloc accepté: basic_0_64 de EMKAMA_0, hauteur 155
[Tick 923] Nouveau bloc accepté: greedy_1_89 de greedy_1, hauteur 156
[Tick 923] Bloc rejeté: logging_2_63 de EMKAMA_0
[Tick 925] Nouveau bloc accepté: EMKAMA_0_94 de EMKAMA_0, hauteur 95
[Tick 927] Nouveau bloc accepté: greedy_0_90 de logging_1, hauteur 156
[Tick 928] Nouveau bloc accepté: EMKAMA_0_95 de EMKAMA_0, hauteur 96
[Tick 929] Nouveau bloc accepté: basic_0_65 de greedy_0, hauteur 157
[Tick 930] Tentative de minage au tick 930
[Tick 931] Nouveau bloc accepté: greedy_0_91 de greedy_0, hauteur 158
[Tick 936] Nouveau bloc accepté: logging_1_61 de greedy_0, hauteur 157
[Tick 937] Choix du parent: greedy_0_91 (hauteur 158)
[Tick 938] Nouveau bloc accepté: logging_4_59 de EMKAMA_0, hauteur 157
[Tick 938] Nouveau bloc accepté: basic_0_66 de basic_0, hauteur 158
[Tick 938] Nouveau bloc accepté: EMKAMA_0_96 de greedy_1, hauteur 97
[Tick 940] Tentative de minage au tick 940
[Tick 940] Nouveau bloc accepté: logging_3_63 de EMKAMA_0, hauteur 158
[Tick 943] Nouveau bloc accepté: logging_0_64 de logging_0, hauteur 157
[Tick 943] Nouveau bloc accepté: logging_4_60 de logging_4, hauteur 160
[Tick 944] Choix du parent: logging_4_60 (hauteur 160)
[Tick 944] Nouveau bloc accepté: conservative_0_45 de conservative_0, hauteur 158
[Tick 945] Nouveau bloc accepté: greedy_1_90 de greedy_1, hauteur 158
[Tick 946] Bloc rejeté: logging_2_64 de logging_4
[Tick 946] Nouveau bloc accepté: logging_1_62 de logging_1, hauteur 159
[Tick 946] Nouveau bloc accepté: logging_1_63 de logging_1, hauteur 160
[Tick 947] Nouveau bloc accepté: greedy_0_92 de basic_0, hauteur 159
[Tick 948] Nouveau bloc accepté: EMKAMA_0_97 de logging_3, hauteur 98
[Tick 949] Nouveau bloc accepté: basic_0_67 de basic_0, hauteur 160
[Tick 949] Nouveau bloc accepté: EMKAMA_0_98 de logging_0, hauteur 99
[Tick 950] Tentative de minage au tick 950
[Tick 951] Bloc rejeté: logging_2_65 de logging_4
[Tick 952] Nouveau bloc accepté: logging_3_64 de logging_0, hauteur 159
[Tick 952] Nouveau bloc accepté: greedy_0_93 de greedy_0, hauteur 160
[Tick 956] Nouveau bloc accepté: greedy_1_91 de greedy_1, hauteur 159
[Tick 957] Nouveau bloc accepté: greedy_1_92 de basic_0, hauteur 161
[Tick 957] Nouveau bloc accepté: conservative_0_46 de greedy_0, hauteur 161
[Tick 958] Nouveau bloc accepté: logging_0_65 de basic_0, hauteur 161
[Tick 960] Tentative de minage au tick 960
[Tick 961] Nouveau bloc accepté: logging_3_65 de greedy_1, hauteur 162
[Tick 964] Choix du parent: logging_3_65 (hauteur 162)
[Tick 966] Nouveau bloc accepté: EMKAMA_0_99 de EMKAMA_0, hauteur 100
[Tick 967] Bloc rejeté: logging_1_65 de logging_1
[Tick 968] Nouveau bloc accepté: logging_4_61 de logging_4, hauteur 162
[Tick 969] Nouveau bloc accepté: logging_1_64 de greedy_0, hauteur 162
[Tick 970] Tentative de minage au tick 970
[Tick 970] Bloc rejeté: logging_2_66 de logging_3
[Tick 971] Nouveau bloc accepté: greedy_1_93 de greedy_1, hauteur 163
[Tick 971] Nouveau bloc accepté: basic_0_68 de logging_4, hauteur 162
[Tick 974] Choix du parent: logging_2_66 (hauteur 163)
[Tick 974] Nouveau bloc accepté: greedy_0_94 de logging_4, hauteur 162
[Tick 974] Nouveau bloc accepté: greedy_0_95 de basic_0, hauteur 164
[Tick 974] Nouveau bloc accepté: EMKAMA_0_100 de basic_0, hauteur 101
[Tick 975] Nouveau bloc accepté: logging_0_66 de logging_0, hauteur 164
[Tick 976] Nouveau bloc accepté: greedy_1_94 de logging_0, hauteur 164
[Tick 976] Bloc rejeté: logging_4_62 de logging_4
[Tick 978] Nouveau bloc accepté: logging_3_66 de EMKAMA_0, hauteur 164
[Tick 979] Nouveau bloc accepté: conservative_0_47 de greedy_1, hauteur 164
[Tick 980] Tentative de minage au tick 980
[Tick 980] Nouveau bloc accepté: basic_0_69 de logging_0, hauteur 165
[Tick 981] Nouveau bloc accepté: greedy_1_95 de greedy_1, hauteur 166
[Tick 983] Bloc rejeté: logging_2_67 de basic_0
[Tick 986] Choix du parent: greedy_1_95 (hauteur 166)
[Tick 987] Nouveau bloc accepté: EMKAMA_0_101 de basic_0, hauteur 102
[Tick 989] Nouveau bloc accepté: logging_1_66 de greedy_0, hauteur 166
[Tick 989] Bloc rejeté: logging_2_68 de EMKAMA_0
[Tick 990] Tentative de minage au tick 990
[Tick 990] Nouveau bloc accepté: greedy_0_96 de EMKAMA_0, hauteur 167
[Tick 991] Nouveau bloc accepté: logging_3_67 de greedy_1, hauteur 166
[Tick 995] Nouveau bloc accepté: basic_0_70 de logging_1, hauteur 166
[Tick 996] Nouveau bloc accepté: logging_0_67 de greedy_1, hauteur 167
[Tick 997] Bloc rejeté: basic_0_71 de basic_0
[Tick 998] Bloc rejeté: greedy_1_97 de logging_0
[Tick 999] Nouveau bloc accepté: greedy_1_96 de greedy_1, hauteur 167
[Tick 1000] Tentative de minage au tick 1000


--- logging_3 ---
[Tick 0] Stratégie initialisée pour logging_3
[Tick 10] Tentative de minage au tick 10
[Tick 15] Nouveau bloc accepté: EMKAMA_0_0 de EMKAMA_0, hauteur 1
[Tick 19] Choix du parent: EMKAMA_0_0 (hauteur 1)
[Tick 20] Tentative de minage au tick 20
[Tick 20] Nouveau bloc accepté: greedy_1_0 de greedy_1, hauteur 2
[Tick 21] Nouveau bloc accepté: greedy_0_0 de greedy_0, hauteur 2
[Tick 21] Nouveau bloc accepté: logging_4_0 de greedy_1, hauteur 2
[Tick 25] Nouveau bloc accepté: logging_2_0 de greedy_1, hauteur 2
[Tick 28] Nouveau bloc accepté: logging_0_0 de logging_0, hauteur 3
[Tick 29] Nouveau bloc accepté: logging_1_0 de logging_1, hauteur 3
[Tick 30] Tentative de minage au tick 30
[Tick 30] Nouveau bloc accepté: EMKAMA_0_1 de EMKAMA_0, hauteur 2
[Tick 30] Bloc rejeté: logging_3_0 de greedy_0
[Tick 32] Choix du parent: logging_0_0 (hauteur 3)
[Tick 33] Nouveau bloc accepté: EMKAMA_0_2 de greedy_0, hauteur 3
[Tick 35] Nouveau bloc accepté: basic_0_0 de basic_0, hauteur 3
[Tick 35] Nouveau bloc accepté: greedy_1_1 de logging_2, hauteur 3
[Tick 37] Bloc rejeté: logging_1_1 de logging_1
[Tick 37] Nouveau bloc accepté: greedy_0_1 de EMKAMA_0, hauteur 4
[Tick 38] Nouveau bloc accepté: conservative_0_0 de EMKAMA_0, hauteur 4
[Tick 39] Nouveau bloc accepté: logging_4_2 de greedy_1, hauteur 5
[Tick 39] Nouveau bloc accepté: greedy_1_3 de greedy_1, hauteur 6
[Tick 40] Tentative de minage au tick 40
[Tick 40] Nouveau bloc accepté: logging_4_1 de logging_4, hauteur 3
[Tick 40] Nouveau bloc accepté: EMKAMA_0_3 de EMKAMA_0, hauteur 4
[Tick 42] Nouveau bloc accepté: greedy_1_2 de logging_0, hauteur 4
[Tick 43] Nouveau bloc accepté: logging_2_1 de logging_2, hauteur 5
[Tick 44] Nouveau bloc accepté: basic_0_1 de logging_4, hauteur 6
[Tick 45] Bloc rejeté: logging_3_1 de logging_2
[Tick 45] Nouveau bloc accepté: logging_4_3 de logging_4, hauteur 7
[Tick 46] Nouveau bloc accepté: basic_0_2 de EMKAMA_0, hauteur 7
[Tick 47] Choix du parent: logging_4_3 (hauteur 7)
[Tick 49] Nouveau bloc accepté: greedy_0_2 de greedy_0, hauteur 6
[Tick 50] Tentative de minage au tick 50
[Tick 50] Nouveau bloc accepté: logging_0_1 de logging_2, hauteur 6
[Tick 52] Nouveau bloc accepté: logging_2_2 de logging_4, hauteur 7
[Tick 53] Nouveau bloc accepté: EMKAMA_0_4 de EMKAMA_0, hauteur 5
[Tick 54] Bloc rejeté: logging_3_2 de logging_4
[Tick 57] Nouveau bloc accepté: greedy_1_4 de basic_0, hauteur 8
[Tick 58] Nouveau bloc accepté: greedy_1_5 de greedy_1, hauteur 9
[Tick 59] Nouveau bloc accepté: logging_1_2 de logging_1, hauteur 8
[Tick 59] Nouveau bloc accepté: conservative_0_1 de conservative_0, hauteur 8
[Tick 60] Tentative de minage au tick 60
[Tick 61] Nouveau bloc accepté: greedy_0_3 de logging_1, hauteur 9
[Tick 63] Choix du parent: greedy_1_5 (hauteur 9)
[Tick 63] Nouveau bloc accepté: basic_0_3 de basic_0, hauteur 10
[Tick 63] Nouveau bloc accepté: EMKAMA_0_5 de greedy_0, hauteur 6
[Tick 63] Nouveau bloc accepté: logging_2_3 de logging_0, hauteur 10
[Tick 65] Nouveau bloc accepté: logging_1_3 de logging_0, hauteur 10
[Tick 66] Nouveau bloc accepté: greedy_0_4 de logging_4, hauteur 10
[Tick 67] Nouveau bloc accepté: logging_4_4 de logging_4, hauteur 10
[Tick 68] Nouveau bloc accepté: greedy_0_5 de logging_2, hauteur 11
[Tick 69] Nouveau bloc accepté: greedy_1_6 de logging_0, hauteur 11
[Tick 70] Tentative de minage au tick 70
[Tick 71] Nouveau bloc accepté: greedy_1_7 de logging_1, hauteur 12
[Tick 72] Nouveau bloc accepté: logging_0_2 de greedy_1, hauteur 10
[Tick 72] Bloc rejeté: logging_3_3 de EMKAMA_0
[Tick 72] Nouveau bloc accepté: logging_1_4 de greedy_1, hauteur 13
[Tick 74] Bloc rejeté: EMKAMA_0_7 de EMKAMA_0
[Tick 74] Nouveau bloc accepté: conservative_0_2 de EMKAMA_0, hauteur 12
[Tick 77] Nouveau bloc accepté: EMKAMA_0_6 de EMKAMA_0, hauteur 7
[Tick 78] Choix du parent: logging_1_4 (hauteur 13)
[Tick 79] Nouveau bloc accepté: logging_0_3 de logging_4, hauteur 12
[Tick 80] Tentative de minage au tick 80
[Tick 81] Nouveau bloc accepté: greedy_0_6 de greedy_0, hauteur 14
[Tick 83] Nouveau bloc accepté: EMKAMA_0_8 de greedy_1, hauteur 9
[Tick 85] Nouveau bloc accepté: basic_0_4 de logging_1, hauteur 13
[Tick 86] Bloc rejeté: logging_3_4 de EMKAMA_0
[Tick 87] Nouveau bloc accepté: greedy_1_8 de logging_1, hauteur 14
[Tick 88] Nouveau bloc accepté: logging_2_4 de greedy_0, hauteur 14
[Tick 89] Choix du parent: logging_3_4 (hauteur 14)
[Tick 90] Tentative de minage au tick 90
[Tick 91] Nouveau bloc accepté: greedy_0_7 de logging_1, hauteur 15
[Tick 93] Bloc rejeté: logging_3_5 de basic_0
[Tick 93] Nouveau bloc accepté: logging_1_5 de logging_0, hauteur 15
[Tick 94] Nouveau bloc accepté: greedy_1_9 de greedy_1, hauteur 15
[Tick 94] Nouveau bloc accepté: basic_0_5 de greedy_0, hauteur 15
[Tick 95] Nouveau bloc accepté: logging_4_5 de logging_1, hauteur 15
[Tick 96] Nouveau bloc accepté: greedy_0_8 de logging_4, hauteur 16
[Tick 98] Choix du parent: greedy_0_8 (hauteur 16)
[Tick 100] Tentative de minage au tick 100
[Tick 100] Nouveau bloc accepté: logging_0_4 de EMKAMA_0, hauteur 16
[Tick 101] Bloc rejeté: logging_3_6 de logging_4
[Tick 102] Nouveau bloc accepté: conservative_0_3 de conservative_0, hauteur 16
[Tick 102] Nouveau bloc accepté: EMKAMA_0_9 de basic_0, hauteur 10
[Tick 102] Nouveau bloc accepté: greedy_1_10 de EMKAMA_0, hauteur 16
[Tick 103] Nouveau bloc accepté: logging_0_5 de basic_0, hauteur 17
[Tick 103] Nouveau bloc accepté: EMKAMA_0_10 de logging_2, hauteur 11
[Tick 105] Nouveau bloc accepté: logging_1_6 de logging_1, hauteur 17
[Tick 105] Nouveau bloc accepté: logging_2_5 de logging_2, hauteur 18
[Tick 107] Nouveau bloc accepté: logging_4_6 de greedy_0, hauteur 18
[Tick 108] Nouveau bloc accepté: EMKAMA_0_11 de logging_0, hauteur 12
[Tick 109] Nouveau bloc accepté: greedy_0_9 de logging_4, hauteur 17
[Tick 110] Tentative de minage au tick 110
[Tick 112] Choix du parent: logging_2_5 (hauteur 18)
[Tick 113] Nouveau bloc accepté: logging_0_6 de greedy_1, hauteur 18
[Tick 114] Nouveau bloc accepté: greedy_1_11 de logging_2, hauteur 19
[Tick 117] Nouveau bloc accepté: greedy_0_10 de logging_4, hauteur 19
[Tick 117] Nouveau bloc accepté: basic_0_6 de EMKAMA_0, hauteur 19
[Tick 119] Nouveau bloc accepté: logging_2_6 de basic_0, hauteur 19
[Tick 120] Tentative de minage au tick 120
[Tick 120] Nouveau bloc accepté: conservative_0_4 de greedy_1, hauteur 18
[Tick 121] Nouveau bloc accepté: logging_1_7 de greedy_0, hauteur 20
[Tick 122] Bloc rejeté: logging_3_7 de logging_1
[Tick 122] Nouveau bloc accepté: logging_4_7 de logging_1, hauteur 20
[Tick 124] Nouveau bloc accepté: logging_0_7 de logging_0, hauteur 20
[Tick 124] Nouveau bloc accepté: EMKAMA_0_12 de greedy_1, hauteur 13
[Tick 126] Nouveau bloc accepté: greedy_1_12 de greedy_0, hauteur 20
[Tick 128] Nouveau bloc accepté: EMKAMA_0_13 de EMKAMA_0, hauteur 14
[Tick 129] Nouveau bloc accepté: greedy_0_11 de greedy_0, hauteur 21
[Tick 130] Tentative de minage au tick 130
[Tick 130] Nouveau bloc accepté: basic_0_7 de basic_0, hauteur 21
[Tick 131] Choix du parent: greedy_0_11 (hauteur 21)
[Tick 131] Bloc rejeté: greedy_1_13 de greedy_1
[Tick 134] Nouveau bloc accepté: logging_2_7 de greedy_0, hauteur 21
[Tick 135] Nouveau bloc accepté: logging_0_8 de greedy_1, hauteur 22
[Tick 135] Nouveau bloc accepté: logging_1_8 de logging_4, hauteur 23
[Tick 136] Nouveau bloc accepté: greedy_0_12 de logging_0, hauteur 23
[Tick 136] Bloc rejeté: logging_3_8 de EMKAMA_0
[Tick 137] Nouveau bloc accepté: logging_4_8 de logging_2, hauteur 22
[Tick 140] Tentative de minage au tick 140
[Tick 141] Nouveau bloc accepté: basic_0_8 de basic_0, hauteur 23
[Tick 144] Choix du parent: greedy_1_13 (hauteur 23)
[Tick 145] Nouveau bloc accepté: conservative_0_5 de greedy_1, hauteur 22
[Tick 145] Nouveau bloc accepté: EMKAMA_0_14 de logging_1, hauteur 15
[Tick 147] Nouveau bloc accepté: greedy_1_14 de basic_0, hauteur 24
[Tick 147] Nouveau bloc accepté: logging_2_8 de greedy_1, hauteur 24
[Tick 148] Nouveau bloc accepté: logging_0_9 de logging_1, hauteur 24
[Tick 148] Bloc rejeté: logging_3_9 de EMKAMA_0
[Tick 148] Nouveau bloc accepté: greedy_0_13 de greedy_1, hauteur 24
[Tick 150] Tentative de minage au tick 150
[Tick 150] Nouveau bloc accepté: greedy_1_15 de logging_4, hauteur 25
[Tick 151] Nouveau bloc accepté: EMKAMA_0_15 de EMKAMA_0, hauteur 16
[Tick 156] Nouveau bloc accepté: logging_1_9 de basic_0, hauteur 25
[Tick 158] Nouveau bloc accepté: conservative_0_6 de greedy_0, hauteur 25
[Tick 159] Choix du parent: greedy_1_15 (hauteur 25)
[Tick 159] Nouveau bloc accepté: logging_4_9 de greedy_1, hauteur 26
[Tick 159] Nouveau bloc accepté: basic_0_9 de logging_0, hauteur 25
[Tick 160] Tentative de minage au tick 160
[Tick 162] Nouveau bloc accepté: logging_0_10 de logging_1, hauteur 27
[Tick 165] Nouveau bloc accepté: greedy_0_14 de logging_4, hauteur 27
[Tick 166] Nouveau bloc accepté: greedy_1_16 de EMKAMA_0, hauteur 27
[Tick 169] Nouveau bloc accepté: greedy_0_15 de greedy_0, hauteur 28
[Tick 169] Nouveau bloc accepté: logging_2_9 de logging_2, hauteur 28
[Tick 169] Nouveau bloc accepté: conservative_0_7 de basic_0, hauteur 29
[Tick 170] Tentative de minage au tick 170
[Tick 170] Nouveau bloc accepté: logging_1_10 de logging_1, hauteur 29
[Tick 171] Bloc rejeté: EMKAMA_0_17 de EMKAMA_0
[Tick 171] Nouveau bloc accepté: logging_4_10 de logging_4, hauteur 29
[Tick 172] Bloc rejeté: logging_3_10 de greedy_1
[Tick 173] Choix du parent: conservative_0_7 (hauteur 29)
[Tick 173] Nouveau bloc accepté: EMKAMA_0_16 de EMKAMA_0, hauteur 17
[Tick 173] Nouveau bloc accepté: logging_0_11 de logging_0, hauteur 28
[Tick 176] Nouveau bloc accepté: logging_2_10 de logging_2, hauteur 31
[Tick 179] Bloc rejeté: logging_3_11 de logging_1
[Tick 180] Tentative de minage au tick 180
[Tick 181] Nouveau bloc accepté: greedy_0_16 de greedy_0, hauteur 30
[Tick 181] Nouveau bloc accepté: greedy_1_17 de EMKAMA_0, hauteur 30
[Tick 184] Nouveau bloc accepté: EMKAMA_0_18 de EMKAMA_0, hauteur 19
[Tick 185] Nouveau bloc accepté: logging_0_12 de logging_4, hauteur 31
[Tick 186] Nouveau bloc accepté: basic_0_10 de basic_0, hauteur 30
[Tick 190] Tentative de minage au tick 190
[Tick 191] Nouveau bloc accepté: greedy_0_17 de greedy_0, hauteur 32
[Tick 191] Nouveau bloc accepté: logging_1_11 de logging_1, hauteur 32
[Tick 191] Nouveau bloc accepté: logging_2_11 de EMKAMA_0, hauteur 32
[Tick 191] Nouveau bloc accepté: basic_0_11 de basic_0, hauteur 32
[Tick 192] Nouveau bloc accepté: logging_4_11 de logging_4, hauteur 32
[Tick 193] Nouveau bloc accepté: conservative_0_8 de conservative_0, hauteur 33
[Tick 194] Choix du parent: conservative_0_8 (hauteur 33)
[Tick 196] Nouveau bloc accepté: EMKAMA_0_19 de greedy_1, hauteur 20
[Tick 198] Nouveau bloc accepté: greedy_1_18 de greedy_1, hauteur 33
[Tick 200] Tentative de minage au tick 200
[Tick 200] Bloc rejeté: greedy_0_19 de greedy_0
[Tick 202] Nouveau bloc accepté: greedy_1_19 de greedy_1, hauteur 34
[Tick 202] Nouveau bloc accepté: EMKAMA_0_20 de EMKAMA_0, hauteur 21
[Tick 202] Nouveau bloc accepté: basic_0_12 de logging_0, hauteur 33
[Tick 203] Nouveau bloc accepté: greedy_0_18 de EMKAMA_0, hauteur 33
[Tick 204] Bloc rejeté: greedy_1_20 de greedy_1
[Tick 205] Bloc rejeté: logging_3_12 de greedy_0
[Tick 206] Nouveau bloc accepté: greedy_0_20 de greedy_0, hauteur 35
[Tick 207] Nouveau bloc accepté: logging_2_12 de logging_2, hauteur 34
[Tick 208] Choix du parent: greedy_1_20 (hauteur 36)
[Tick 208] Nouveau bloc accepté: logging_0_14 de logging_0, hauteur 36
[Tick 209] Nouveau bloc accepté: logging_4_12 de logging_4, hauteur 35
[Tick 210] Tentative de minage au tick 210
[Tick 210] Nouveau bloc accepté: basic_0_13 de EMKAMA_0, hauteur 35
[Tick 210] Nouveau bloc accepté: greedy_0_21 de greedy_0, hauteur 36
[Tick 211] Nouveau bloc accepté: conservative_0_9 de conservative_0, hauteur 37
[Tick 212] Nouveau bloc accepté: logging_0_13 de logging_4, hauteur 34
[Tick 214] Choix du parent: logging_3_13 (hauteur 37)
[Tick 216] Bloc rejeté: logging_3_13 de logging_4
[Tick 216] Nouveau bloc accepté: EMKAMA_0_21 de EMKAMA_0, hauteur 22
[Tick 219] Nouveau bloc accepté: logging_1_12 de logging_1, hauteur 35
[Tick 220] Tentative de minage au tick 220
[Tick 220] Nouveau bloc accepté: greedy_1_21 de greedy_1, hauteur 38
[Tick 221] Nouveau bloc accepté: logging_4_13 de logging_4, hauteur 38
[Tick 222] Nouveau bloc accepté: logging_1_13 de logging_2, hauteur 37
[Tick 223] Nouveau bloc accepté: greedy_0_22 de greedy_0, hauteur 38
[Tick 225] Nouveau bloc accepté: logging_2_13 de logging_2, hauteur 38
[Tick 228] Nouveau bloc accepté: basic_0_14 de greedy_1, hauteur 38
[Tick 230] Tentative de minage au tick 230
[Tick 230] Nouveau bloc accepté: logging_0_15 de logging_0, hauteur 39
[Tick 230] Bloc rejeté: logging_3_14 de logging_2
[Tick 230] Nouveau bloc accepté: basic_0_15 de EMKAMA_0, hauteur 39
[Tick 231] Choix du parent: logging_0_15 (hauteur 39)
[Tick 232] Bloc rejeté: logging_1_14 de logging_1
[Tick 233] Nouveau bloc accepté: EMKAMA_0_22 de EMKAMA_0, hauteur 23
[Tick 233] Nouveau bloc accepté: conservative_0_10 de conservative_0, hauteur 40
[Tick 233] Bloc rejeté: logging_3_15 de logging_1
[Tick 233] Nouveau bloc accepté: logging_4_14 de basic_0, hauteur 39
[Tick 236] Nouveau bloc accepté: greedy_1_22 de greedy_1, hauteur 40
[Tick 240] Tentative de minage au tick 240
[Tick 240] Nouveau bloc accepté: logging_1_15 de logging_1, hauteur 41
[Tick 241] Nouveau bloc accepté: EMKAMA_0_23 de EMKAMA_0, hauteur 24
[Tick 242] Nouveau bloc accepté: logging_2_14 de logging_1, hauteur 41
[Tick 243] Nouveau bloc accepté: greedy_0_23 de greedy_1, hauteur 41
[Tick 243] Nouveau bloc accepté: basic_0_16 de logging_1, hauteur 41
[Tick 247] Nouveau bloc accepté: logging_4_15 de EMKAMA_0, hauteur 42
[Tick 248] Nouveau bloc accepté: greedy_1_23 de greedy_1, hauteur 42
[Tick 249] Choix du parent: logging_4_15 (hauteur 42)
[Tick 250] Tentative de minage au tick 250
[Tick 250] Nouveau bloc accepté: basic_0_17 de logging_2, hauteur 42
[Tick 250] Nouveau bloc accepté: EMKAMA_0_24 de logging_1, hauteur 25
[Tick 251] Nouveau bloc accepté: logging_0_16 de logging_0, hauteur 41
[Tick 251] Nouveau bloc accepté: logging_2_15 de logging_1, hauteur 42
[Tick 254] Nouveau bloc accepté: conservative_0_11 de logging_0, hauteur 43
[Tick 256] Nouveau bloc accepté: greedy_0_24 de logging_1, hauteur 43
[Tick 258] Nouveau bloc accepté: EMKAMA_0_25 de EMKAMA_0, hauteur 26
[Tick 258] Bloc rejeté: logging_3_16 de logging_4
[Tick 260] Tentative de minage au tick 260
[Tick 260] Nouveau bloc accepté: logging_1_16 de logging_1, hauteur 43
[Tick 260] Nouveau bloc accepté: greedy_1_24 de logging_0, hauteur 44
[Tick 261] Bloc rejeté: basic_0_18 de basic_0
[Tick 264] Choix du parent: greedy_1_24 (hauteur 44)
[Tick 264] Nouveau bloc accepté: greedy_0_25 de greedy_0, hauteur 44
[Tick 264] Nouveau bloc accepté: EMKAMA_0_26 de EMKAMA_0, hauteur 27
[Tick 265] Nouveau bloc accepté: logging_4_16 de logging_4, hauteur 45
[Tick 265] Nouveau bloc accepté: logging_0_17 de logging_1, hauteur 44
[Tick 269] Nouveau bloc accepté: greedy_0_26 de logging_2, hauteur 45
[Tick 270] Tentative de minage au tick 270
[Tick 276] Nouveau bloc accepté: logging_2_16 de basic_0, hauteur 45
[Tick 276] Bloc rejeté: conservative_0_12 de conservative_0
[Tick 277] Bloc rejeté: greedy_1_25 de greedy_1
[Tick 278] Bloc rejeté: logging_3_17 de logging_4
[Tick 278] Nouveau bloc accepté: logging_0_18 de logging_0, hauteur 46
[Tick 280] Tentative de minage au tick 280
[Tick 280] Choix du parent: conservative_0_12 (hauteur 48)
[Tick 283] Nouveau bloc accepté: logging_1_17 de logging_4, hauteur 46
[Tick 283] Nouveau bloc accepté: logging_2_17 de logging_4, hauteur 46
[Tick 283] Bloc rejeté: EMKAMA_0_28 de EMKAMA_0
[Tick 285] Nouveau bloc accepté: EMKAMA_0_27 de EMKAMA_0, hauteur 28
[Tick 286] Nouveau bloc accepté: logging_0_19 de logging_1, hauteur 47
[Tick 288] Nouveau bloc accepté: greedy_0_27 de greedy_0, hauteur 47
[Tick 289] Nouveau bloc accepté: greedy_0_28 de greedy_0, hauteur 48
[Tick 289] Nouveau bloc accepté: logging_4_17 de logging_2, hauteur 49
[Tick 290] Tentative de minage au tick 290
[Tick 290] Nouveau bloc accepté: basic_0_19 de logging_1, hauteur 47
[Tick 290] Nouveau bloc accepté: logging_1_18 de greedy_0, hauteur 50
[Tick 293] Nouveau bloc accepté: EMKAMA_0_29 de EMKAMA_0, hauteur 30
[Tick 294] Nouveau bloc accepté: greedy_1_26 de EMKAMA_0, hauteur 48
[Tick 295] Choix du parent: logging_1_18 (hauteur 50)
[Tick 295] Nouveau bloc accepté: logging_4_18 de logging_1, hauteur 50
[Tick 296] Nouveau bloc accepté: logging_0_20 de logging_2, hauteur 50
[Tick 296] Bloc rejeté: logging_3_18 de basic_0
[Tick 296] Nouveau bloc accepté: greedy_1_27 de EMKAMA_0, hauteur 51
[Tick 297] Nouveau bloc accepté: logging_2_18 de greedy_0, hauteur 51
[Tick 299] Nouveau bloc accepté: logging_2_19 de logging_2, hauteur 52
[Tick 299] Bloc rejeté: logging_1_19 de logging_1
[Tick 299] Nouveau bloc accepté: greedy_0_29 de EMKAMA_0, hauteur 52
[Tick 300] Tentative de minage au tick 300
[Tick 300] Nouveau bloc accepté: basic_0_20 de basic_0, hauteur 52
[Tick 301] Bloc rejeté: logging_3_19 de basic_0
[Tick 302] Nouveau bloc accepté: conservative_0_13 de logging_0, hauteur 51
[Tick 308] Bloc rejeté: basic_0_21 de basic_0
[Tick 309] Nouveau bloc accepté: greedy_1_28 de greedy_1, hauteur 53
[Tick 310] Tentative de minage au tick 310
[Tick 310] Nouveau bloc accepté: EMKAMA_0_30 de logging_0, hauteur 31
[Tick 313] Nouveau bloc accepté: greedy_0_30 de greedy_0, hauteur 55
[Tick 313] Nouveau bloc accepté: logging_4_19 de greedy_0, hauteur 54
[Tick 314] Choix du parent: greedy_0_30 (hauteur 55)
[Tick 314] Nouveau bloc accepté: EMKAMA_0_31 de EMKAMA_0, hauteur 32
[Tick 315] Nouveau bloc accepté: logging_0_21 de logging_0, hauteur 54
[Tick 316] Nouveau bloc accepté: logging_2_20 de greedy_1, hauteur 54
[Tick 317] Nouveau bloc accepté: logging_1_20 de logging_1, hauteur 55
[Tick 317] Nouveau bloc accepté: conservative_0_14 de EMKAMA_0, hauteur 55
[Tick 319] Bloc rejeté: logging_3_20 de logging_2
[Tick 320] Tentative de minage au tick 320
[Tick 320] Nouveau bloc accepté: greedy_1_29 de greedy_1, hauteur 56
[Tick 321] Nouveau bloc accepté: EMKAMA_0_32 de EMKAMA_0, hauteur 33
[Tick 323] Nouveau bloc accepté: logging_2_21 de greedy_1, hauteur 57
[Tick 324] Nouveau bloc accepté: logging_4_20 de logging_0, hauteur 55
[Tick 325] Nouveau bloc accepté: greedy_1_30 de greedy_1, hauteur 58
[Tick 327] Nouveau bloc accepté: conservative_0_15 de conservative_0, hauteur 58
[Tick 328] Nouveau bloc accepté: basic_0_22 de basic_0, hauteur 57
[Tick 330] Tentative de minage au tick 330
[Tick 331] Choix du parent: greedy_1_30 (hauteur 58)
[Tick 331] Nouveau bloc accepté: greedy_0_31 de greedy_0, hauteur 57
[Tick 331] Nouveau bloc accepté: logging_4_21 de EMKAMA_0, hauteur 57
[Tick 332] Nouveau bloc accepté: EMKAMA_0_33 de logging_4, hauteur 34
[Tick 337] Nouveau bloc accepté: greedy_1_31 de logging_2, hauteur 59
[Tick 338] Nouveau bloc accepté: logging_1_21 de logging_1, hauteur 59
[Tick 339] Nouveau bloc accepté: logging_0_22 de EMKAMA_0, hauteur 59
[Tick 339] Nouveau bloc accepté: basic_0_23 de basic_0, hauteur 60
[Tick 340] Tentative de minage au tick 340
[Tick 340] Bloc rejeté: logging_3_21 de logging_2
[Tick 341] Nouveau bloc accepté: logging_2_22 de greedy_0, hauteur 59
[Tick 344] Choix du parent: basic_0_23 (hauteur 60)
[Tick 345] Nouveau bloc accepté: logging_4_22 de logging_0, hauteur 60
[Tick 345] Nouveau bloc accepté: greedy_0_32 de logging_1, hauteur 60
[Tick 349] Nouveau bloc accepté: EMKAMA_0_34 de greedy_1, hauteur 35
[Tick 349] Nouveau bloc accepté: conservative_0_16 de conservative_0, hauteur 61
[Tick 350] Tentative de minage au tick 350
[Tick 351] Nouveau bloc accepté: greedy_1_32 de greedy_1, hauteur 61
[Tick 351] Nouveau bloc accepté: logging_2_23 de logging_2, hauteur 62
[Tick 351] Nouveau bloc accepté: basic_0_24 de basic_0, hauteur 62
[Tick 353] Nouveau bloc accepté: logging_1_22 de logging_2, hauteur 62
[Tick 353] Bloc rejeté: logging_3_22 de basic_0
[Tick 356] Nouveau bloc accepté: logging_0_23 de logging_0, hauteur 61
[Tick 356] Nouveau bloc accepté: logging_4_23 de greedy_0, hauteur 61
[Tick 356] Nouveau bloc accepté: EMKAMA_0_35 de EMKAMA_0, hauteur 36
[Tick 358] Choix du parent: logging_2_23 (hauteur 62)
[Tick 360] Tentative de minage au tick 360
[Tick 360] Nouveau bloc accepté: greedy_1_33 de logging_0, hauteur 62
[Tick 361] Nouveau bloc accepté: EMKAMA_0_36 de logging_1, hauteur 37
[Tick 367] Nouveau bloc accepté: greedy_0_33 de logging_1, hauteur 63
[Tick 368] Choix du parent: logging_3_23 (hauteur 63)
[Tick 368] Nouveau bloc accepté: logging_2_24 de logging_2, hauteur 64
[Tick 368] Bloc rejeté: logging_3_23 de greedy_0
[Tick 369] Nouveau bloc accepté: logging_1_23 de greedy_1, hauteur 64
[Tick 370] Tentative de minage au tick 370
[Tick 372] Nouveau bloc accepté: greedy_0_34 de greedy_0, hauteur 64
[Tick 372] Nouveau bloc accepté: conservative_0_17 de logging_2, hauteur 64
[Tick 373] Nouveau bloc accepté: greedy_1_34 de greedy_1, hauteur 65
[Tick 373] Bloc rejeté: logging_3_24 de EMKAMA_0
[Tick 374] Nouveau bloc accepté: logging_0_24 de greedy_0, hauteur 65
[Tick 376] Choix du parent: greedy_1_34 (hauteur 65)
[Tick 376] Nouveau bloc accepté: basic_0_25 de basic_0, hauteur 66
[Tick 376] Nouveau bloc accepté: logging_4_24 de EMKAMA_0, hauteur 66
[Tick 377] Nouveau bloc accepté: EMKAMA_0_37 de logging_2, hauteur 38
[Tick 379] Nouveau bloc accepté: EMKAMA_0_38 de EMKAMA_0, hauteur 39
[Tick 380] Tentative de minage au tick 380
[Tick 380] Nouveau bloc accepté: greedy_0_35 de logging_0, hauteur 66
[Tick 381] Nouveau bloc accepté: logging_0_25 de logging_0, hauteur 67
[Tick 385] Nouveau bloc accepté: greedy_1_35 de basic_0, hauteur 66
[Tick 385] Nouveau bloc accepté: EMKAMA_0_39 de EMKAMA_0, hauteur 40
[Tick 385] Nouveau bloc accepté: logging_2_25 de logging_4, hauteur 67
[Tick 387] Choix du parent: logging_0_25 (hauteur 67)
[Tick 387] Bloc rejeté: logging_3_25 de logging_1
[Tick 389] Nouveau bloc accepté: greedy_1_36 de basic_0, hauteur 68
[Tick 390] Tentative de minage au tick 390
[Tick 390] Nouveau bloc accepté: logging_1_24 de logging_1, hauteur 67
[Tick 391] Nouveau bloc accepté: greedy_0_36 de greedy_0, hauteur 68
[Tick 395] Nouveau bloc accepté: basic_0_26 de basic_0, hauteur 69
[Tick 395] Bloc rejeté: logging_3_26 de logging_1
[Tick 396] Nouveau bloc accepté: logging_4_25 de EMKAMA_0, hauteur 67
[Tick 399] Nouveau bloc accepté: conservative_0_18 de basic_0, hauteur 68
[Tick 399] Nouveau bloc accepté: EMKAMA_0_40 de logging_1, hauteur 41
[Tick 400] Tentative de minage au tick 400
[Tick 401] Nouveau bloc accepté: logging_0_26 de logging_4, hauteur 69
[Tick 402] Nouveau bloc accepté: logging_1_25 de logging_2, hauteur 69
[Tick 403] Choix du parent: basic_0_26 (hauteur 69)
[Tick 403] Nouveau bloc accepté: greedy_0_37 de logging_0, hauteur 69
[Tick 408] Nouveau bloc accepté: logging_1_26 de logging_1, hauteur 70
[Tick 409] Nouveau bloc accepté: logging_2_26 de logging_2, hauteur 70
[Tick 410] Tentative de minage au tick 410
[Tick 410] Nouveau bloc accepté: logging_4_26 de EMKAMA_0, hauteur 70
[Tick 411] Bloc rejeté: greedy_1_38 de greedy_1
[Tick 411] Nouveau bloc accepté: EMKAMA_0_41 de EMKAMA_0, hauteur 42
[Tick 412] Nouveau bloc accepté: greedy_1_37 de greedy_1, hauteur 70
[Tick 412] Nouveau bloc accepté: conservative_0_19 de logging_1, hauteur 71
[Tick 415] Bloc rejeté: logging_3_27 de logging_2
[Tick 418] Nouveau bloc accepté: greedy_0_38 de greedy_0, hauteur 71
[Tick 419] Choix du parent: greedy_1_38 (hauteur 71)
[Tick 420] Tentative de minage au tick 420
[Tick 420] Nouveau bloc accepté: basic_0_27 de EMKAMA_0, hauteur 72
[Tick 420] Nouveau bloc accepté: logging_4_27 de logging_1, hauteur 72
[Tick 422] Nouveau bloc accepté: logging_0_27 de logging_2, hauteur 71
[Tick 424] Nouveau bloc accepté: greedy_1_39 de greedy_1, hauteur 72
[Tick 424] Bloc rejeté: logging_3_28 de basic_0
[Tick 426] Nouveau bloc accepté: EMKAMA_0_42 de EMKAMA_0, hauteur 43
[Tick 426] Nouveau bloc accepté: logging_2_27 de greedy_1, hauteur 72
[Tick 428] Nouveau bloc accepté: greedy_0_39 de logging_1, hauteur 72
[Tick 429] Choix du parent: logging_3_28 (hauteur 72)
[Tick 429] Nouveau bloc accepté: logging_1_27 de logging_4, hauteur 73
[Tick 429] Nouveau bloc accepté: EMKAMA_0_43 de EMKAMA_0, hauteur 44
[Tick 430] Tentative de minage au tick 430
[Tick 432] Nouveau bloc accepté: basic_0_28 de logging_4, hauteur 73
[Tick 433] Nouveau bloc accepté: logging_2_28 de logging_2, hauteur 74
[Tick 434] Nouveau bloc accepté: conservative_0_20 de logging_1, hauteur 73
[Tick 434] Bloc rejeté: logging_3_29 de greedy_1
[Tick 434] Nouveau bloc accepté: logging_0_28 de EMKAMA_0, hauteur 73
[Tick 437] Nouveau bloc accepté: greedy_1_40 de greedy_1, hauteur 74
[Tick 439] Choix du parent: logging_2_28 (hauteur 74)
[Tick 440] Tentative de minage au tick 440
[Tick 440] Nouveau bloc accepté: logging_0_29 de logging_0, hauteur 75
[Tick 441] Nouveau bloc accepté: EMKAMA_0_44 de EMKAMA_0, hauteur 45
[Tick 441] Bloc rejeté: logging_2_29 de logging_2
[Tick 442] Nouveau bloc accepté: logging_1_28 de greedy_0, hauteur 75
[Tick 444] Nouveau bloc accepté: logging_4_28 de logging_4, hauteur 74
[Tick 444] Nouveau bloc accepté: basic_0_29 de basic_0, hauteur 74
[Tick 445] Nouveau bloc accepté: greedy_0_40 de logging_0, hauteur 74
[Tick 446] Nouveau bloc accepté: greedy_0_41 de greedy_0, hauteur 76
[Tick 449] Nouveau bloc accepté: basic_0_30 de basic_0, hauteur 77
[Tick 450] Tentative de minage au tick 450
[Tick 450] Choix du parent: basic_0_30 (hauteur 77)
[Tick 450] Nouveau bloc accepté: logging_0_30 de logging_0, hauteur 76
[Tick 451] Nouveau bloc accepté: logging_1_29 de logging_2, hauteur 76
[Tick 453] Nouveau bloc accepté: EMKAMA_0_45 de EMKAMA_0, hauteur 46
[Tick 455] Bloc rejeté: logging_3_30 de greedy_0
[Tick 455] Nouveau bloc accepté: greedy_1_41 de greedy_1, hauteur 76
[Tick 455] Nouveau bloc accepté: logging_4_29 de logging_1, hauteur 77
[Tick 458] Nouveau bloc accepté: conservative_0_21 de conservative_0, hauteur 77
[Tick 459] Bloc rejeté: logging_3_31 de logging_1
[Tick 460] Tentative de minage au tick 460
[Tick 462] Nouveau bloc accepté: logging_2_30 de logging_4, hauteur 79
[Tick 463] Nouveau bloc accepté: greedy_1_42 de greedy_1, hauteur 77
[Tick 463] Nouveau bloc accepté: greedy_0_42 de logging_2, hauteur 77
[Tick 463] Nouveau bloc accepté: EMKAMA_0_46 de greedy_1, hauteur 47
[Tick 465] Nouveau bloc accepté: conservative_0_22 de logging_0, hauteur 79
[Tick 467] Nouveau bloc accepté: logging_1_30 de EMKAMA_0, hauteur 79
[Tick 469] Nouveau bloc accepté: greedy_1_43 de greedy_1, hauteur 79
[Tick 469] Nouveau bloc accepté: basic_0_31 de logging_2, hauteur 79
[Tick 470] Tentative de minage au tick 470
[Tick 470] Nouveau bloc accepté: logging_0_31 de logging_4, hauteur 79
[Tick 471] Nouveau bloc accepté: basic_0_32 de logging_2, hauteur 80
[Tick 473] Nouveau bloc accepté: logging_2_31 de logging_2, hauteur 80
[Tick 473] Nouveau bloc accepté: greedy_1_44 de greedy_0, hauteur 80
[Tick 474] Choix du parent: basic_0_32 (hauteur 80)
[Tick 474] Nouveau bloc accepté: logging_1_31 de greedy_0, hauteur 81
[Tick 476] Nouveau bloc accepté: logging_4_30 de logging_4, hauteur 81
[Tick 476] Bloc rejeté: logging_3_32 de logging_0
[Tick 477] Nouveau bloc accepté: greedy_0_43 de greedy_0, hauteur 80
[Tick 477] Nouveau bloc accepté: EMKAMA_0_47 de EMKAMA_0, hauteur 48
[Tick 480] Tentative de minage au tick 480
[Tick 481] Nouveau bloc accepté: greedy_1_45 de greedy_1, hauteur 81
[Tick 481] Nouveau bloc accepté: logging_0_32 de greedy_0, hauteur 81
[Tick 482] Nouveau bloc accepté: basic_0_33 de basic_0, hauteur 82
[Tick 484] Nouveau bloc accepté: greedy_0_44 de greedy_0, hauteur 82
[Tick 484] Nouveau bloc accepté: EMKAMA_0_48 de EMKAMA_0, hauteur 49
[Tick 485] Nouveau bloc accepté: logging_2_32 de logging_2, hauteur 82
[Tick 490] Tentative de minage au tick 490
[Tick 491] Choix du parent: basic_0_33 (hauteur 82)
[Tick 491] Nouveau bloc accepté: logging_0_33 de logging_0, hauteur 83
[Tick 492] Nouveau bloc accepté: EMKAMA_0_49 de logging_2, hauteur 50
[Tick 493] Nouveau bloc accepté: greedy_1_46 de logging_2, hauteur 83
[Tick 493] Bloc rejeté: greedy_0_46 de basic_0
[Tick 494] Nouveau bloc accepté: greedy_0_45 de greedy_0, hauteur 83
[Tick 494] Bloc rejeté: logging_3_33 de greedy_1
[Tick 496] Nouveau bloc accepté: greedy_1_47 de greedy_1, hauteur 84
[Tick 497] Nouveau bloc accepté: logging_4_31 de logging_0, hauteur 84
[Tick 498] Nouveau bloc accepté: logging_1_32 de logging_1, hauteur 84
[Tick 499] Nouveau bloc accepté: conservative_0_23 de conservative_0, hauteur 84
[Tick 500] Tentative de minage au tick 500
[Tick 500] Nouveau bloc accepté: EMKAMA_0_50 de logging_1, hauteur 51
[Tick 501] Nouveau bloc accepté: logging_2_33 de EMKAMA_0, hauteur 85
[Tick 508] Nouveau bloc accepté: greedy_0_47 de basic_0, hauteur 86
[Tick 510] Tentative de minage au tick 510
[Tick 512] Choix du parent: greedy_0_47 (hauteur 86)
[Tick 513] Nouveau bloc accepté: logging_0_34 de logging_1, hauteur 85
[Tick 513] Bloc rejeté: greedy_0_48 de greedy_0
[Tick 513] Bloc rejeté: conservative_0_24 de conservative_0
[Tick 513] Nouveau bloc accepté: greedy_1_48 de basic_0, hauteur 86
[Tick 513] Bloc rejeté: logging_3_34 de greedy_0
[Tick 517] Nouveau bloc accepté: EMKAMA_0_51 de logging_1, hauteur 52
[Tick 517] Nouveau bloc accepté: logging_1_33 de logging_4, hauteur 87
[Tick 519] Nouveau bloc accepté: logging_4_32 de logging_1, hauteur 87
[Tick 519] Nouveau bloc accepté: logging_2_34 de basic_0, hauteur 88
[Tick 520] Tentative de minage au tick 520
[Tick 520] Nouveau bloc accepté: basic_0_34 de logging_2, hauteur 85
[Tick 524] Nouveau bloc accepté: logging_1_34 de logging_4, hauteur 89
[Tick 526] Nouveau bloc accepté: greedy_1_49 de logging_1, hauteur 89
[Tick 527] Choix du parent: logging_1_34 (hauteur 89)
[Tick 527] Nouveau bloc accepté: logging_0_35 de logging_0, hauteur 88
[Tick 527] Nouveau bloc accepté: EMKAMA_0_52 de logging_1, hauteur 53
[Tick 527] Bloc rejeté: logging_0_36 de EMKAMA_0
[Tick 528] Nouveau bloc accepté: greedy_0_49 de logging_2, hauteur 89
[Tick 530] Tentative de minage au tick 530
[Tick 534] Nouveau bloc accepté: basic_0_35 de logging_2, hauteur 89
[Tick 534] Nouveau bloc accepté: EMKAMA_0_53 de EMKAMA_0, hauteur 54
[Tick 535] Nouveau bloc accepté: logging_2_35 de greedy_1, hauteur 91
[Tick 535] Bloc rejeté: greedy_1_51 de greedy_1
[Tick 535] Nouveau bloc accepté: greedy_1_50 de logging_2, hauteur 90
[Tick 535] Bloc rejeté: logging_3_35 de logging_0
[Tick 536] Nouveau bloc accepté: conservative_0_25 de greedy_1, hauteur 91
[Tick 538] Nouveau bloc accepté: basic_0_36 de logging_2, hauteur 91
[Tick 540] Tentative de minage au tick 540
[Tick 541] Nouveau bloc accepté: greedy_0_50 de greedy_0, hauteur 92
[Tick 541] Nouveau bloc accepté: logging_4_33 de logging_0, hauteur 91
[Tick 542] Choix du parent: greedy_1_51 (hauteur 92)
[Tick 542] Nouveau bloc accepté: logging_0_37 de logging_4, hauteur 92
[Tick 543] Nouveau bloc accepté: EMKAMA_0_54 de logging_1, hauteur 55
[Tick 547] Bloc rejeté: logging_3_36 de logging_0
[Tick 548] Nouveau bloc accepté: logging_1_35 de logging_1, hauteur 92
[Tick 548] Nouveau bloc accepté: logging_4_34 de logging_4, hauteur 93
[Tick 550] Tentative de minage au tick 550
[Tick 550] Nouveau bloc accepté: EMKAMA_0_55 de logging_2, hauteur 56
[Tick 550] Nouveau bloc accepté: greedy_1_52 de logging_4, hauteur 93
[Tick 552] Nouveau bloc accepté: basic_0_37 de logging_1, hauteur 93
[Tick 553] Nouveau bloc accepté: conservative_0_26 de conservative_0, hauteur 94
[Tick 554] Nouveau bloc accepté: logging_0_38 de logging_1, hauteur 94
[Tick 554] Nouveau bloc accepté: logging_1_36 de logging_1, hauteur 95
[Tick 558] Nouveau bloc accepté: greedy_0_51 de logging_2, hauteur 94
[Tick 560] Tentative de minage au tick 560
[Tick 561] Nouveau bloc accepté: greedy_0_52 de logging_2, hauteur 95
[Tick 562] Nouveau bloc accepté: logging_4_35 de EMKAMA_0, hauteur 95
[Tick 563] Choix du parent: logging_1_36 (hauteur 95)
[Tick 564] Nouveau bloc accepté: logging_2_36 de logging_2, hauteur 95
[Tick 566] Nouveau bloc accepté: EMKAMA_0_56 de logging_4, hauteur 57
[Tick 567] Nouveau bloc accepté: EMKAMA_0_57 de EMKAMA_0, hauteur 58
[Tick 568] Nouveau bloc accepté: basic_0_38 de basic_0, hauteur 96
[Tick 568] Nouveau bloc accepté: logging_0_39 de greedy_1, hauteur 96
[Tick 570] Tentative de minage au tick 570
[Tick 571] Nouveau bloc accepté: greedy_1_53 de logging_4, hauteur 95
[Tick 571] Bloc rejeté: logging_3_37 de greedy_1
[Tick 574] Nouveau bloc accepté: greedy_1_54 de greedy_1, hauteur 96
[Tick 575] Choix du parent: logging_3_37 (hauteur 96)
[Tick 579] Nouveau bloc accepté: logging_4_36 de logging_4, hauteur 96
[Tick 579] Nouveau bloc accepté: greedy_0_53 de logging_0, hauteur 96
[Tick 580] Tentative de minage au tick 580
[Tick 580] Bloc rejeté: greedy_0_54 de greedy_0
[Tick 580] Bloc rejeté: logging_0_40 de logging_0
[Tick 582] Nouveau bloc accepté: conservative_0_27 de conservative_0, hauteur 97
[Tick 582] Nouveau bloc accepté: logging_1_37 de logging_1, hauteur 97
[Tick 584] Nouveau bloc accepté: basic_0_39 de basic_0, hauteur 98
[Tick 585] Nouveau bloc accepté: logging_2_37 de logging_2, hauteur 97
[Tick 588] Nouveau bloc accepté: logging_4_37 de logging_0, hauteur 98
[Tick 588] Nouveau bloc accepté: EMKAMA_0_58 de greedy_1, hauteur 59
[Tick 589] Nouveau bloc accepté: logging_1_38 de logging_1, hauteur 98
[Tick 589] Bloc rejeté: greedy_1_56 de greedy_1
[Tick 589] Nouveau bloc accepté: logging_2_38 de logging_2, hauteur 99
[Tick 589] Bloc rejeté: logging_3_38 de basic_0
[Tick 589] Nouveau bloc accepté: EMKAMA_0_59 de logging_4, hauteur 60
[Tick 590] Tentative de minage au tick 590
[Tick 593] Choix du parent: logging_2_38 (hauteur 99)
[Tick 594] Nouveau bloc accepté: greedy_1_55 de greedy_1, hauteur 98
[Tick 598] Bloc rejeté: logging_3_39 de greedy_1
[Tick 600] Tentative de minage au tick 600
[Tick 600] Nouveau bloc accepté: conservative_0_28 de logging_1, hauteur 100
[Tick 601] Bloc rejeté: greedy_0_56 de EMKAMA_0
[Tick 602] Nouveau bloc accepté: greedy_0_55 de greedy_1, hauteur 99
[Tick 602] Nouveau bloc accepté: greedy_1_57 de logging_1, hauteur 100
[Tick 602] Nouveau bloc accepté: basic_0_40 de basic_0, hauteur 101
[Tick 603] Bloc rejeté: EMKAMA_0_61 de EMKAMA_0
[Tick 604] Nouveau bloc accepté: logging_2_39 de EMKAMA_0, hauteur 100
[Tick 605] Nouveau bloc accepté: EMKAMA_0_60 de logging_4, hauteur 61
[Tick 606] Nouveau bloc accepté: greedy_0_57 de greedy_0, hauteur 101
[Tick 608] Choix du parent: basic_0_40 (hauteur 101)
[Tick 608] Nouveau bloc accepté: logging_0_41 de basic_0, hauteur 101
[Tick 610] Tentative de minage au tick 610
[Tick 611] Nouveau bloc accepté: logging_4_38 de basic_0, hauteur 101
[Tick 611] Nouveau bloc accepté: greedy_1_58 de logging_4, hauteur 101
[Tick 614] Nouveau bloc accepté: logging_1_39 de logging_2, hauteur 101
[Tick 615] Nouveau bloc accepté: conservative_0_29 de conservative_0, hauteur 102
[Tick 615] Nouveau bloc accepté: EMKAMA_0_62 de EMKAMA_0, hauteur 63
[Tick 617] Choix du parent: logging_3_40 (hauteur 102)
[Tick 619] Nouveau bloc accepté: basic_0_41 de basic_0, hauteur 102
[Tick 620] Tentative de minage au tick 620
[Tick 620] Nouveau bloc accepté: logging_2_40 de logging_2, hauteur 103
[Tick 622] Nouveau bloc accepté: greedy_1_59 de greedy_1, hauteur 103
[Tick 623] Nouveau bloc accepté: logging_0_42 de logging_0, hauteur 102
[Tick 623] Nouveau bloc accepté: logging_4_39 de greedy_1, hauteur 102
[Tick 623] Bloc rejeté: logging_3_40 de logging_1
[Tick 626] Bloc rejeté: logging_3_41 de EMKAMA_0
[Tick 627] Choix du parent: logging_3_41 (hauteur 103)
[Tick 629] Nouveau bloc accepté: logging_1_40 de basic_0, hauteur 103
[Tick 629] Nouveau bloc accepté: logging_4_40 de logging_4, hauteur 104
[Tick 630] Tentative de minage au tick 630
[Tick 632] Nouveau bloc accepté: greedy_0_58 de EMKAMA_0, hauteur 104
[Tick 633] Nouveau bloc accepté: greedy_0_59 de greedy_0, hauteur 105
[Tick 634] Bloc rejeté: EMKAMA_0_64 de EMKAMA_0
[Tick 635] Nouveau bloc accepté: basic_0_42 de basic_0, hauteur 104
[Tick 635] Nouveau bloc accepté: logging_0_43 de logging_0, hauteur 105
[Tick 636] Choix du parent: greedy_0_59 (hauteur 105)
[Tick 636] Nouveau bloc accepté: EMKAMA_0_63 de logging_0, hauteur 64
[Tick 638] Bloc rejeté: logging_3_42 de logging_4
[Tick 638] Nouveau bloc accepté: greedy_1_60 de greedy_0, hauteur 104
[Tick 639] Nouveau bloc accepté: greedy_0_60 de greedy_0, hauteur 106
[Tick 640] Tentative de minage au tick 640
[Tick 641] Nouveau bloc accepté: basic_0_43 de logging_4, hauteur 106
[Tick 642] Bloc rejeté: logging_3_43 de basic_0
[Tick 644] Nouveau bloc accepté: greedy_1_61 de logging_1, hauteur 107
[Tick 644] Nouveau bloc accepté: logging_2_41 de logging_4, hauteur 107
[Tick 645] Nouveau bloc accepté: conservative_0_30 de greedy_0, hauteur 105
[Tick 645] Nouveau bloc accepté: logging_1_41 de logging_1, hauteur 108
[Tick 646] Bloc rejeté: greedy_0_62 de greedy_0
[Tick 647] Bloc rejeté: logging_4_41 de logging_4
[Tick 648] Nouveau bloc accepté: conservative_0_31 de greedy_1, hauteur 107
[Tick 649] Nouveau bloc accepté: basic_0_44 de EMKAMA_0, hauteur 107
[Tick 650] Tentative de minage au tick 650
[Tick 651] Choix du parent: logging_1_41 (hauteur 108)
[Tick 651] Nouveau bloc accepté: greedy_0_61 de EMKAMA_0, hauteur 107
[Tick 656] Nouveau bloc accepté: EMKAMA_0_65 de EMKAMA_0, hauteur 66
[Tick 658] Nouveau bloc accepté: greedy_1_62 de greedy_1, hauteur 109
[Tick 659] Bloc rejeté: logging_3_44 de greedy_0
[Tick 660] Tentative de minage au tick 660
[Tick 660] Nouveau bloc accepté: logging_1_42 de logging_1, hauteur 110
[Tick 661] Nouveau bloc accepté: logging_0_44 de EMKAMA_0, hauteur 109
[Tick 662] Nouveau bloc accepté: logging_2_42 de logging_2, hauteur 110
[Tick 662] Nouveau bloc accepté: basic_0_45 de logging_4, hauteur 109
[Tick 662] Nouveau bloc accepté: greedy_1_63 de greedy_1, hauteur 110
[Tick 666] Nouveau bloc accepté: EMKAMA_0_66 de EMKAMA_0, hauteur 67
[Tick 667] Choix du parent: logging_1_42 (hauteur 110)
[Tick 668] Nouveau bloc accepté: logging_4_42 de greedy_0, hauteur 109
[Tick 669] Nouveau bloc accepté: greedy_0_63 de logging_4, hauteur 110
[Tick 669] Nouveau bloc accepté: greedy_0_64 de greedy_0, hauteur 111
[Tick 670] Tentative de minage au tick 670
[Tick 670] Bloc rejeté: logging_3_45 de basic_0
[Tick 671] Bloc rejeté: logging_4_43 de logging_4
[Tick 673] Nouveau bloc accepté: logging_0_45 de logging_0, hauteur 111
[Tick 674] Nouveau bloc accepté: greedy_0_65 de EMKAMA_0, hauteur 112
[Tick 675] Nouveau bloc accepté: greedy_1_64 de greedy_0, hauteur 111
[Tick 676] Nouveau bloc accepté: greedy_1_65 de greedy_1, hauteur 112
[Tick 677] Choix du parent: greedy_0_65 (hauteur 112)
[Tick 678] Nouveau bloc accepté: logging_2_43 de EMKAMA_0, hauteur 111
[Tick 678] Nouveau bloc accepté: EMKAMA_0_67 de EMKAMA_0, hauteur 68
[Tick 679] Nouveau bloc accepté: EMKAMA_0_68 de EMKAMA_0, hauteur 69
[Tick 680] Tentative de minage au tick 680
[Tick 680] Bloc rejeté: logging_3_46 de logging_4
[Tick 681] Nouveau bloc accepté: basic_0_46 de basic_0, hauteur 112
[Tick 682] Nouveau bloc accepté: conservative_0_32 de greedy_1, hauteur 112
[Tick 684] Nouveau bloc accepté: logging_0_46 de greedy_0, hauteur 113
[Tick 685] Nouveau bloc accepté: greedy_0_66 de greedy_1, hauteur 113
[Tick 685] Nouveau bloc accepté: logging_2_44 de greedy_1, hauteur 113
[Tick 687] Nouveau bloc accepté: greedy_1_66 de greedy_1, hauteur 114
[Tick 687] Nouveau bloc accepté: greedy_0_67 de greedy_0, hauteur 115
[Tick 688] Nouveau bloc accepté: logging_1_43 de logging_1, hauteur 113
[Tick 690] Tentative de minage au tick 690
[Tick 692] Nouveau bloc accepté: conservative_0_33 de EMKAMA_0, hauteur 114
[Tick 692] Nouveau bloc accepté: EMKAMA_0_69 de logging_0, hauteur 70
[Tick 692] Nouveau bloc accepté: logging_4_44 de basic_0, hauteur 114
[Tick 694] Choix du parent: greedy_0_67 (hauteur 115)
[Tick 694] Bloc rejeté: basic_0_48 de basic_0
[Tick 697] Nouveau bloc accepté: basic_0_47 de EMKAMA_0, hauteur 114
[Tick 698] Bloc rejeté: logging_3_47 de logging_1
[Tick 700] Tentative de minage au tick 700
[Tick 700] Bloc rejeté: EMKAMA_0_71 de EMKAMA_0
[Tick 701] Nouveau bloc accepté: logging_2_45 de basic_0, hauteur 114
[Tick 701] Nouveau bloc accepté: greedy_1_67 de logging_1, hauteur 115
[Tick 701] Nouveau bloc accepté: EMKAMA_0_70 de greedy_1, hauteur 71
[Tick 704] Nouveau bloc accepté: logging_2_46 de logging_0, hauteur 117
[Tick 705] Choix du parent: logging_2_46 (hauteur 117)
[Tick 706] Nouveau bloc accepté: logging_0_47 de logging_4, hauteur 117
[Tick 707] Nouveau bloc accepté: logging_1_44 de logging_0, hauteur 117
[Tick 708] Nouveau bloc accepté: greedy_0_68 de EMKAMA_0, hauteur 117
[Tick 708] Bloc rejeté: logging_3_48 de logging_2
[Tick 709] Bloc rejeté: greedy_1_68 de greedy_1
[Tick 710] Tentative de minage au tick 710
[Tick 710] Nouveau bloc accepté: logging_4_45 de logging_4, hauteur 118
[Tick 712] Nouveau bloc accepté: basic_0_49 de basic_0, hauteur 119
[Tick 712] Nouveau bloc accepté: conservative_0_34 de conservative_0, hauteur 118
[Tick 712] Nouveau bloc accepté: EMKAMA_0_72 de logging_0, hauteur 73
[Tick 712] Nouveau bloc accepté: greedy_0_69 de greedy_0, hauteur 120
[Tick 714] Nouveau bloc accepté: logging_0_48 de greedy_0, hauteur 118
[Tick 718] Nouveau bloc accepté: logging_1_45 de logging_0, hauteur 120
[Tick 719] Nouveau bloc accepté: logging_4_46 de logging_4, hauteur 119
[Tick 720] Tentative de minage au tick 720
[Tick 721] Nouveau bloc accepté: greedy_1_69 de greedy_1, hauteur 121
[Tick 724] Choix du parent: greedy_1_69 (hauteur 121)
[Tick 725] Nouveau bloc accepté: logging_0_49 de greedy_0, hauteur 120
[Tick 725] Nouveau bloc accepté: EMKAMA_0_73 de logging_1, hauteur 74
[Tick 726] Nouveau bloc accepté: logging_2_47 de logging_1, hauteur 121
[Tick 727] Nouveau bloc accepté: greedy_0_70 de logging_4, hauteur 121
[Tick 729] Nouveau bloc accepté: basic_0_50 de basic_0, hauteur 122
[Tick 729] Nouveau bloc accepté: logging_1_46 de logging_1, hauteur 122
[Tick 730] Tentative de minage au tick 730
[Tick 730] Bloc rejeté: logging_3_49 de logging_0
[Tick 730] Nouveau bloc accepté: greedy_1_70 de basic_0, hauteur 123
[Tick 733] Nouveau bloc accepté: logging_0_50 de logging_4, hauteur 122
[Tick 735] Choix du parent: greedy_1_70 (hauteur 123)
[Tick 735] Nouveau bloc accepté: greedy_0_71 de greedy_0, hauteur 123
[Tick 735] Nouveau bloc accepté: conservative_0_35 de conservative_0, hauteur 123
[Tick 736] Nouveau bloc accepté: logging_2_48 de basic_0, hauteur 122
[Tick 736] Nouveau bloc accepté: EMKAMA_0_74 de logging_0, hauteur 75
[Tick 739] Nouveau bloc accepté: logging_4_47 de logging_4, hauteur 124
[Tick 740] Tentative de minage au tick 740
[Tick 741] Nouveau bloc accepté: greedy_0_72 de greedy_0, hauteur 124
[Tick 742] Bloc rejeté: logging_3_50 de greedy_1
[Tick 744] Nouveau bloc accepté: basic_0_51 de logging_2, hauteur 124
[Tick 746] Nouveau bloc accepté: logging_2_49 de greedy_0, hauteur 125
[Tick 747] Nouveau bloc accepté: greedy_1_71 de greedy_0, hauteur 125
[Tick 748] Nouveau bloc accepté: logging_1_47 de logging_1, hauteur 125
[Tick 749] Nouveau bloc accepté: logging_0_51 de logging_4, hauteur 124
[Tick 749] Bloc rejeté: conservative_0_36 de conservative_0
[Tick 750] Tentative de minage au tick 750
[Tick 750] Nouveau bloc accepté: EMKAMA_0_75 de greedy_0, hauteur 76
[Tick 751] Choix du parent: logging_2_49 (hauteur 125)
[Tick 752] Nouveau bloc accepté: logging_1_48 de logging_1, hauteur 126
[Tick 753] Nouveau bloc accepté: greedy_0_73 de greedy_0, hauteur 126
[Tick 754] Nouveau bloc accepté: logging_4_48 de EMKAMA_0, hauteur 125
[Tick 754] Nouveau bloc accepté: greedy_1_72 de greedy_1, hauteur 126
[Tick 755] Nouveau bloc accepté: logging_2_50 de greedy_1, hauteur 126
[Tick 757] Nouveau bloc accepté: greedy_1_73 de logging_2, hauteur 127
[Tick 759] Nouveau bloc accepté: basic_0_52 de basic_0, hauteur 126
[Tick 760] Tentative de minage au tick 760
[Tick 760] Nouveau bloc accepté: logging_0_52 de logging_1, hauteur 126
[Tick 761] Nouveau bloc accepté: logging_2_51 de logging_2, hauteur 128
[Tick 763] Nouveau bloc accepté: logging_4_49 de logging_4, hauteur 128
[Tick 764] Bloc rejeté: logging_3_51 de greedy_1
[Tick 767] Bloc rejeté: logging_1_49 de logging_0
[Tick 767] Nouveau bloc accepté: conservative_0_37 de logging_4, hauteur 129
[Tick 769] Choix du parent: conservative_0_37 (hauteur 129)
[Tick 770] Tentative de minage au tick 770
[Tick 771] Nouveau bloc accepté: EMKAMA_0_76 de logging_4, hauteur 77
[Tick 771] Nouveau bloc accepté: basic_0_53 de basic_0, hauteur 129
[Tick 772] Nouveau bloc accepté: greedy_0_74 de EMKAMA_0, hauteur 128
[Tick 772] Nouveau bloc accepté: greedy_1_74 de logging_0, hauteur 129
[Tick 772] Nouveau bloc accepté: logging_0_53 de logging_4, hauteur 129
[Tick 773] Nouveau bloc accepté: EMKAMA_0_77 de EMKAMA_0, hauteur 78
[Tick 773] Nouveau bloc accepté: logging_2_52 de logging_2, hauteur 130
[Tick 774] Choix du parent: logging_3_52 (hauteur 130)
[Tick 775] Bloc rejeté: logging_3_52 de greedy_0
[Tick 777] Nouveau bloc accepté: logging_4_50 de logging_4, hauteur 130
[Tick 777] Nouveau bloc accepté: logging_2_53 de greedy_1, hauteur 131
[Tick 780] Tentative de minage au tick 780
[Tick 780] Bloc rejeté: logging_3_53 de logging_0
[Tick 781] Bloc rejeté: greedy_0_76 de logging_0
[Tick 783] Nouveau bloc accepté: greedy_0_75 de greedy_0, hauteur 131
[Tick 783] Nouveau bloc accepté: greedy_1_75 de greedy_1, hauteur 132
[Tick 783] Nouveau bloc accepté: basic_0_54 de logging_1, hauteur 132
[Tick 783] Nouveau bloc accepté: logging_1_50 de logging_2, hauteur 132
[Tick 784] Nouveau bloc accepté: logging_0_54 de logging_0, hauteur 133
[Tick 787] Nouveau bloc accepté: EMKAMA_0_78 de logging_0, hauteur 79
[Tick 789] Nouveau bloc accepté: EMKAMA_0_79 de logging_2, hauteur 80
[Tick 790] Tentative de minage au tick 790
[Tick 790] Bloc rejeté: basic_0_55 de basic_0
[Tick 791] Nouveau bloc accepté: logging_4_51 de EMKAMA_0, hauteur 133
[Tick 792] Nouveau bloc accepté: greedy_1_76 de EMKAMA_0, hauteur 133
[Tick 793] Choix du parent: basic_0_55 (hauteur 134)
[Tick 793] Nouveau bloc accepté: greedy_0_77 de greedy_0, hauteur 133
[Tick 795] Bloc rejeté: conservative_0_38 de conservative_0
[Tick 796] Nouveau bloc accepté: greedy_0_78 de logging_4, hauteur 134
[Tick 798] Nouveau bloc accepté: greedy_1_77 de greedy_1, hauteur 134
[Tick 799] Nouveau bloc accepté: logging_2_54 de logging_2, hauteur 135
[Tick 800] Tentative de minage au tick 800
[Tick 802] Bloc rejeté: logging_3_54 de greedy_1
[Tick 802] Nouveau bloc accepté: logging_1_51 de logging_4, hauteur 134
[Tick 803] Nouveau bloc accepté: EMKAMA_0_80 de EMKAMA_0, hauteur 81
[Tick 803] Nouveau bloc accepté: greedy_0_79 de EMKAMA_0, hauteur 135
[Tick 803] Bloc rejeté: logging_0_55 de logging_0
[Tick 806] Nouveau bloc accepté: logging_4_52 de logging_1, hauteur 136
[Tick 808] Nouveau bloc accepté: greedy_1_78 de logging_0, hauteur 136
[Tick 808] Nouveau bloc accepté: EMKAMA_0_81 de logging_1, hauteur 82
[Tick 810] Tentative de minage au tick 810
[Tick 813] Nouveau bloc accepté: logging_4_53 de greedy_1, hauteur 137
[Tick 814] Choix du parent: logging_0_55 (hauteur 137)
[Tick 814] Nouveau bloc accepté: logging_2_55 de logging_2, hauteur 136
[Tick 815] Nouveau bloc accepté: EMKAMA_0_82 de EMKAMA_0, hauteur 83
[Tick 815] Nouveau bloc accepté: greedy_1_79 de greedy_1, hauteur 137
[Tick 819] Nouveau bloc accepté: logging_1_52 de logging_1, hauteur 137
[Tick 820] Tentative de minage au tick 820
[Tick 820] Nouveau bloc accepté: greedy_0_80 de greedy_0, hauteur 137
[Tick 820] Nouveau bloc accepté: basic_0_56 de logging_4, hauteur 137
[Tick 821] Nouveau bloc accepté: EMKAMA_0_83 de logging_2, hauteur 84
[Tick 822] Bloc rejeté: logging_3_55 de greedy_1
[Tick 824] Nouveau bloc accepté: greedy_0_81 de basic_0, hauteur 138
[Tick 825] Nouveau bloc accepté: logging_4_54 de logging_4, hauteur 138
[Tick 826] Nouveau bloc accepté: logging_2_56 de EMKAMA_0, hauteur 138
[Tick 829] Nouveau bloc accepté: conservative_0_39 de logging_0, hauteur 138
[Tick 830] Tentative de minage au tick 830
[Tick 830] Choix du parent: logging_3_55 (hauteur 138)
[Tick 831] Nouveau bloc accepté: greedy_1_80 de logging_0, hauteur 139
[Tick 831] Nouveau bloc accepté: basic_0_57 de logging_2, hauteur 139
[Tick 832] Nouveau bloc accepté: greedy_0_82 de greedy_0, hauteur 139
[Tick 832] Nouveau bloc accepté: greedy_1_81 de greedy_1, hauteur 140
[Tick 835] Nouveau bloc accepté: conservative_0_40 de EMKAMA_0, hauteur 139
[Tick 835] Bloc rejeté: logging_3_56 de logging_0
[Tick 835] Nouveau bloc accepté: EMKAMA_0_84 de logging_0, hauteur 85
[Tick 840] Tentative de minage au tick 840
[Tick 840] Nouveau bloc accepté: logging_0_56 de logging_0, hauteur 139
[Tick 843] Bloc rejeté: logging_1_54 de logging_0
[Tick 844] Bloc rejeté: logging_2_57 de logging_2
[Tick 844] Nouveau bloc accepté: basic_0_58 de EMKAMA_0, hauteur 140
[Tick 845] Nouveau bloc accepté: logging_1_53 de logging_1, hauteur 140
[Tick 846] Bloc rejeté: greedy_1_82 de greedy_1
[Tick 847] Nouveau bloc accepté: logging_0_57 de logging_1, hauteur 141
[Tick 847] Nouveau bloc accepté: logging_4_55 de greedy_1, hauteur 142
[Tick 848] Nouveau bloc accepté: logging_0_58 de logging_0, hauteur 142
[Tick 848] Nouveau bloc accepté: greedy_0_83 de basic_0, hauteur 141
[Tick 849] Bloc rejeté: basic_0_59 de basic_0
[Tick 850] Tentative de minage au tick 850
[Tick 850] Nouveau bloc accepté: EMKAMA_0_85 de basic_0, hauteur 86
[Tick 851] Nouveau bloc accepté: logging_1_55 de logging_1, hauteur 143
[Tick 852] Choix du parent: basic_0_59 (hauteur 144)
[Tick 853] Nouveau bloc accepté: EMKAMA_0_86 de EMKAMA_0, hauteur 87
[Tick 857] Bloc rejeté: logging_1_56 de logging_1
[Tick 858] Nouveau bloc accepté: greedy_0_84 de logging_2, hauteur 143
[Tick 859] Nouveau bloc accepté: basic_0_60 de basic_0, hauteur 145
[Tick 860] Tentative de minage au tick 860
[Tick 860] Nouveau bloc accepté: logging_2_58 de logging_1, hauteur 144
[Tick 860] Bloc rejeté: logging_3_57 de logging_0
[Tick 861] Nouveau bloc accepté: conservative_0_41 de EMKAMA_0, hauteur 144
[Tick 861] Nouveau bloc accepté: logging_4_56 de logging_4, hauteur 146
[Tick 863] Nouveau bloc accepté: greedy_1_83 de basic_0, hauteur 145
[Tick 866] Choix du parent: logging_4_56 (hauteur 146)
[Tick 868] Nouveau bloc accepté: logging_0_59 de logging_1, hauteur 146
[Tick 870] Tentative de minage au tick 870
[Tick 870] Nouveau bloc accepté: EMKAMA_0_87 de greedy_1, hauteur 88
[Tick 871] Nouveau bloc accepté: basic_0_61 de logging_4, hauteur 147
[Tick 872] Nouveau bloc accepté: logging_1_57 de logging_2, hauteur 147
[Tick 873] Nouveau bloc accepté: conservative_0_42 de conservative_0, hauteur 146
[Tick 873] Nouveau bloc accepté: greedy_1_84 de greedy_1, hauteur 147
[Tick 874] Nouveau bloc accepté: greedy_0_85 de greedy_0, hauteur 147
[Tick 875] Nouveau bloc accepté: logging_2_59 de basic_0, hauteur 146
[Tick 876] Nouveau bloc accepté: logging_2_60 de logging_4, hauteur 148
[Tick 877] Bloc rejeté: logging_3_58 de EMKAMA_0
[Tick 879] Choix du parent: logging_2_60 (hauteur 148)
[Tick 880] Tentative de minage au tick 880
[Tick 883] Nouveau bloc accepté: greedy_0_86 de EMKAMA_0, hauteur 149
[Tick 884] Nouveau bloc accepté: logging_1_58 de logging_2, hauteur 148
[Tick 885] Nouveau bloc accepté: logging_4_57 de basic_0, hauteur 149
[Tick 886] Choix du parent: logging_3_59 (hauteur 149)
[Tick 886] Bloc rejeté: EMKAMA_0_89 de logging_4
[Tick 887] Nouveau bloc accepté: greedy_1_85 de greedy_1, hauteur 150
[Tick 887] Nouveau bloc accepté: logging_0_60 de basic_0, hauteur 148
[Tick 888] Nouveau bloc accepté: EMKAMA_0_88 de EMKAMA_0, hauteur 89
[Tick 888] Bloc rejeté: logging_3_59 de logging_1
[Tick 890] Tentative de minage au tick 890
[Tick 890] Nouveau bloc accepté: basic_0_62 de EMKAMA_0, hauteur 148
[Tick 891] Bloc rejeté: logging_0_61 de logging_0
[Tick 894] Nouveau bloc accepté: greedy_0_87 de greedy_1, hauteur 151
[Tick 894] Bloc rejeté: logging_3_60 de greedy_1
[Tick 895] Nouveau bloc accepté: EMKAMA_0_90 de EMKAMA_0, hauteur 91
[Tick 896] Choix du parent: greedy_0_87 (hauteur 151)
[Tick 896] Nouveau bloc accepté: greedy_1_86 de logging_4, hauteur 151
[Tick 898] Nouveau bloc accepté: logging_2_61 de greedy_0, hauteur 151
[Tick 899] Nouveau bloc accepté: conservative_0_43 de conservative_0, hauteur 152
[Tick 899] Nouveau bloc accepté: greedy_1_87 de logging_2, hauteur 153
[Tick 899] Nouveau bloc accepté: logging_1_59 de greedy_0, hauteur 152
[Tick 900] Tentative de minage au tick 900
[Tick 904] Bloc rejeté: logging_3_61 de EMKAMA_0
[Tick 905] Nouveau bloc accepté: logging_0_62 de logging_0, hauteur 153
[Tick 908] Bloc rejeté: conservative_0_44 de conservative_0
[Tick 909] Nouveau bloc accepté: EMKAMA_0_91 de logging_0, hauteur 92
[Tick 910] Tentative de minage au tick 910
[Tick 910] Nouveau bloc accepté: greedy_0_88 de logging_2, hauteur 153
[Tick 910] Nouveau bloc accepté: basic_0_63 de basic_0, hauteur 154
[Tick 910] Nouveau bloc accepté: EMKAMA_0_92 de logging_1, hauteur 93
[Tick 912] Choix du parent: conservative_0_44 (hauteur 154)
[Tick 913] Nouveau bloc accepté: logging_4_58 de basic_0, hauteur 154
[Tick 913] Nouveau bloc accepté: logging_2_62 de logging_2, hauteur 155
[Tick 914] Nouveau bloc accepté: logging_0_63 de logging_0, hauteur 155
[Tick 917] Bloc rejeté: logging_3_62 de logging_4
[Tick 918] Nouveau bloc accepté: logging_1_60 de logging_1, hauteur 156
[Tick 918] Nouveau bloc accepté: greedy_1_88 de basic_0, hauteur 155
[Tick 919] Bloc rejeté: EMKAMA_0_94 de logging_1
[Tick 920] Tentative de minage au tick 920
[Tick 921] Nouveau bloc accepté: EMKAMA_0_93 de basic_0, hauteur 94
[Tick 924] Nouveau bloc accepté: basic_0_64 de greedy_0, hauteur 155
[Tick 924] Nouveau bloc accepté: logging_2_63 de EMKAMA_0, hauteur 156
[Tick 925] Nouveau bloc accepté: greedy_0_89 de greedy_1, hauteur 155
[Tick 925] Nouveau bloc accepté: greedy_1_89 de logging_2, hauteur 156
[Tick 928] Nouveau bloc accepté: basic_0_65 de basic_0, hauteur 157
[Tick 929] Nouveau bloc accepté: logging_1_61 de logging_1, hauteur 157
[Tick 929] Nouveau bloc accepté: EMKAMA_0_95 de EMKAMA_0, hauteur 96
[Tick 929] Nouveau bloc accepté: greedy_0_90 de logging_2, hauteur 156
[Tick 930] Tentative de minage au tick 930
[Tick 933] Choix du parent: basic_0_65 (hauteur 157)
[Tick 933] Nouveau bloc accepté: logging_4_59 de basic_0, hauteur 157
[Tick 933] Nouveau bloc accepté: greedy_0_91 de greedy_0, hauteur 158
[Tick 937] Nouveau bloc accepté: EMKAMA_0_96 de greedy_1, hauteur 97
[Tick 939] Nouveau bloc accepté: conservative_0_45 de conservative_0, hauteur 158
[Tick 939] Bloc rejeté: logging_3_63 de logging_4
[Tick 940] Tentative de minage au tick 940
[Tick 941] Nouveau bloc accepté: greedy_1_90 de greedy_1, hauteur 158
[Tick 942] Nouveau bloc accepté: basic_0_66 de logging_1, hauteur 158
[Tick 944] Bloc rejeté: logging_4_60 de logging_2
[Tick 945] Nouveau bloc accepté: logging_0_64 de basic_0, hauteur 157
[Tick 946] Nouveau bloc accepté: EMKAMA_0_97 de EMKAMA_0, hauteur 98
[Tick 948] Choix du parent: logging_3_63 (hauteur 158)
[Tick 949] Bloc rejeté: basic_0_67 de basic_0
[Tick 949] Nouveau bloc accepté: EMKAMA_0_98 de greedy_1, hauteur 99
[Tick 950] Tentative de minage au tick 950
[Tick 950] Nouveau bloc accepté: logging_2_64 de logging_2, hauteur 159
[Tick 950] Nouveau bloc accepté: greedy_0_92 de logging_4, hauteur 159
[Tick 950] Bloc rejeté: logging_1_63 de logging_1
[Tick 951] Nouveau bloc accepté: logging_1_62 de logging_1, hauteur 159
[Tick 951] Bloc rejeté: logging_3_64 de logging_0
[Tick 953] Nouveau bloc accepté: logging_2_65 de logging_4, hauteur 161
[Tick 954] Choix du parent: logging_2_65 (hauteur 161)
[Tick 954] Nouveau bloc accepté: greedy_1_92 de greedy_1, hauteur 161
[Tick 954] Nouveau bloc accepté: conservative_0_46 de conservative_0, hauteur 161
[Tick 954] Nouveau bloc accepté: greedy_1_91 de logging_1, hauteur 159
[Tick 954] Nouveau bloc accepté: greedy_0_93 de logging_2, hauteur 160
[Tick 959] Nouveau bloc accepté: logging_0_65 de basic_0, hauteur 161
[Tick 960] Tentative de minage au tick 960
[Tick 960] Bloc rejeté: logging_3_65 de greedy_1
[Tick 964] Nouveau bloc accepté: greedy_1_93 de greedy_1, hauteur 163
[Tick 965] Nouveau bloc accepté: logging_1_64 de logging_1, hauteur 162
[Tick 965] Nouveau bloc accepté: logging_4_61 de logging_1, hauteur 162
[Tick 966] Nouveau bloc accepté: logging_2_66 de logging_2, hauteur 163
[Tick 969] Nouveau bloc accepté: greedy_0_94 de logging_4, hauteur 162
[Tick 970] Tentative de minage au tick 970
[Tick 970] Choix du parent: greedy_1_93 (hauteur 163)
[Tick 970] Nouveau bloc accepté: logging_0_66 de logging_0, hauteur 164
[Tick 971] Nouveau bloc accepté: EMKAMA_0_99 de logging_4, hauteur 100
[Tick 972] Nouveau bloc accepté: basic_0_68 de basic_0, hauteur 162
[Tick 972] Bloc rejeté: logging_3_66 de logging_0
[Tick 974] Nouveau bloc accepté: EMKAMA_0_100 de greedy_0, hauteur 101
[Tick 974] Nouveau bloc accepté: greedy_1_94 de logging_0, hauteur 164
[Tick 975] Nouveau bloc accepté: logging_1_65 de logging_4, hauteur 163
[Tick 975] Nouveau bloc accepté: greedy_0_95 de greedy_0, hauteur 164
[Tick 975] Nouveau bloc accepté: conservative_0_47 de basic_0, hauteur 164
[Tick 975] Nouveau bloc accepté: basic_0_69 de basic_0, hauteur 165
[Tick 980] Tentative de minage au tick 980
[Tick 981] Nouveau bloc accepté: logging_4_62 de EMKAMA_0, hauteur 165
[Tick 984] Nouveau bloc accepté: logging_2_67 de logging_2, hauteur 164
[Tick 984] Bloc rejeté: greedy_0_96 de greedy_0
[Tick 987] Choix du parent: basic_0_69 (hauteur 165)
[Tick 987] Nouveau bloc accepté: greedy_1_95 de logging_2, hauteur 166
[Tick 989] Nouveau bloc accepté: EMKAMA_0_101 de logging_4, hauteur 102
[Tick 990] Tentative de minage au tick 990
[Tick 990] Nouveau bloc accepté: greedy_1_96 de greedy_1, hauteur 167
[Tick 992] Nouveau bloc accepté: basic_0_70 de EMKAMA_0, hauteur 166
[Tick 995] Nouveau bloc accepté: logging_1_66 de greedy_0, hauteur 166
[Tick 995] Nouveau bloc accepté: logging_2_68 de greedy_0, hauteur 167
[Tick 995] Bloc rejeté: logging_3_67 de logging_4
[Tick 996] Nouveau bloc accepté: logging_0_67 de EMKAMA_0, hauteur 167
[Tick 999] Nouveau bloc accepté: EMKAMA_0_102 de EMKAMA_0, hauteur 103
[Tick 999] Nouveau bloc accepté: greedy_1_97 de greedy_1, hauteur 168
[Tick 1000] Tentative de minage au tick 1000
[Tick 1000] Nouveau bloc accepté: greedy_0_97 de greedy_0, hauteur 168


--- logging_4 ---
[Tick 0] Stratégie initialisée pour logging_4
[Tick 10] Tentative de minage au tick 10
[Tick 12] Nouveau bloc accepté: EMKAMA_0_0 de EMKAMA_0, hauteur 1
[Tick 17] Choix du parent: EMKAMA_0_0 (hauteur 1)
[Tick 20] Tentative de minage au tick 20
[Tick 21] Nouveau bloc accepté: EMKAMA_0_1 de EMKAMA_0, hauteur 2
[Tick 24] Nouveau bloc accepté: greedy_1_0 de basic_0, hauteur 2
[Tick 24] Nouveau bloc accepté: greedy_0_0 de logging_1, hauteur 2
[Tick 25] Bloc rejeté: logging_4_0 de logging_3
[Tick 26] Choix du parent: logging_4_0 (hauteur 2)
[Tick 26] Nouveau bloc accepté: EMKAMA_0_2 de EMKAMA_0, hauteur 3
[Tick 26] Nouveau bloc accepté: logging_1_0 de greedy_0, hauteur 3
[Tick 28] Nouveau bloc accepté: logging_2_0 de logging_2, hauteur 2
[Tick 29] Nouveau bloc accepté: logging_3_0 de logging_3, hauteur 2
[Tick 29] Nouveau bloc accepté: logging_0_0 de logging_0, hauteur 3
[Tick 29] Bloc rejeté: logging_4_1 de EMKAMA_0
[Tick 30] Tentative de minage au tick 30
[Tick 30] Nouveau bloc accepté: greedy_0_1 de logging_1, hauteur 4
[Tick 34] Nouveau bloc accepté: basic_0_0 de greedy_0, hauteur 3
[Tick 34] Nouveau bloc accepté: conservative_0_0 de basic_0, hauteur 4
[Tick 35] Choix du parent: greedy_0_1 (hauteur 4)
[Tick 36] Nouveau bloc accepté: logging_1_1 de logging_1, hauteur 5
[Tick 36] Nouveau bloc accepté: logging_2_1 de logging_2, hauteur 5
[Tick 37] Bloc rejeté: greedy_1_2 de greedy_1
[Tick 38] Nouveau bloc accepté: greedy_1_1 de greedy_1, hauteur 3
[Tick 39] Bloc rejeté: logging_4_2 de greedy_1
[Tick 39] Nouveau bloc accepté: greedy_1_3 de greedy_1, hauteur 6
[Tick 40] Tentative de minage au tick 40
[Tick 42] Nouveau bloc accepté: logging_3_1 de logging_3, hauteur 4
[Tick 42] Nouveau bloc accepté: EMKAMA_0_3 de logging_1, hauteur 4
[Tick 43] Nouveau bloc accepté: basic_0_1 de basic_0, hauteur 6
[Tick 44] Choix du parent: greedy_1_3 (hauteur 6)
[Tick 44] Nouveau bloc accepté: logging_0_1 de logging_0, hauteur 6
[Tick 46] Nouveau bloc accepté: EMKAMA_0_4 de logging_1, hauteur 5
[Tick 47] Bloc rejeté: logging_4_3 de logging_3
[Tick 49] Nouveau bloc accepté: logging_2_2 de logging_2, hauteur 7
[Tick 49] Bloc rejeté: greedy_1_4 de greedy_1
[Tick 50] Tentative de minage au tick 50
[Tick 51] Nouveau bloc accepté: basic_0_2 de basic_0, hauteur 7
[Tick 53] Nouveau bloc accepté: greedy_0_2 de logging_3, hauteur 6
[Tick 53] Nouveau bloc accepté: logging_3_2 de EMKAMA_0, hauteur 8
[Tick 55] Nouveau bloc accepté: conservative_0_1 de conservative_0, hauteur 8
[Tick 58] Nouveau bloc accepté: logging_1_2 de greedy_1, hauteur 8
[Tick 59] Nouveau bloc accepté: greedy_1_5 de greedy_1, hauteur 9
[Tick 59] Bloc rejeté: logging_1_3 de EMKAMA_0
[Tick 60] Tentative de minage au tick 60
[Tick 60] Choix du parent: greedy_1_5 (hauteur 9)
[Tick 61] Bloc rejeté: logging_0_2 de logging_0
[Tick 63] Nouveau bloc accepté: greedy_0_3 de logging_1, hauteur 9
[Tick 63] Nouveau bloc accepté: greedy_0_4 de greedy_0, hauteur 10
[Tick 65] Nouveau bloc accepté: basic_0_3 de basic_0, hauteur 10
[Tick 68] Nouveau bloc accepté: EMKAMA_0_5 de logging_1, hauteur 6
[Tick 69] Nouveau bloc accepté: logging_2_3 de logging_2, hauteur 10
[Tick 69] Nouveau bloc accepté: greedy_0_5 de logging_2, hauteur 11
[Tick 70] Tentative de minage au tick 70
[Tick 70] Nouveau bloc accepté: logging_3_3 de logging_0, hauteur 10
[Tick 71] Bloc rejeté: logging_4_4 de logging_3
[Tick 72] Nouveau bloc accepté: greedy_1_6 de greedy_1, hauteur 11
[Tick 73] Nouveau bloc accepté: EMKAMA_0_6 de EMKAMA_0, hauteur 7
[Tick 73] Nouveau bloc accepté: greedy_1_7 de logging_2, hauteur 12
[Tick 73] Nouveau bloc accepté: logging_1_4 de logging_1, hauteur 13
[Tick 75] Nouveau bloc accepté: conservative_0_2 de greedy_1, hauteur 12
[Tick 76] Nouveau bloc accepté: logging_0_3 de EMKAMA_0, hauteur 12
[Tick 78] Nouveau bloc accepté: basic_0_4 de basic_0, hauteur 13
[Tick 80] Tentative de minage au tick 80
[Tick 81] Nouveau bloc accepté: EMKAMA_0_7 de EMKAMA_0, hauteur 8
[Tick 83] Nouveau bloc accepté: greedy_1_8 de greedy_1, hauteur 14
[Tick 83] Nouveau bloc accepté: greedy_0_6 de logging_1, hauteur 14
[Tick 84] Choix du parent: greedy_1_8 (hauteur 14)
[Tick 88] Nouveau bloc accepté: EMKAMA_0_8 de logging_0, hauteur 9
[Tick 88] Nouveau bloc accepté: greedy_1_9 de greedy_1, hauteur 15
[Tick 90] Tentative de minage au tick 90
[Tick 90] Nouveau bloc accepté: logging_2_4 de logging_2, hauteur 14
[Tick 90] Nouveau bloc accepté: logging_3_4 de logging_0, hauteur 14
[Tick 91] Nouveau bloc accepté: logging_1_5 de greedy_0, hauteur 15
[Tick 92] Nouveau bloc accepté: greedy_0_7 de logging_1, hauteur 15
[Tick 92] Nouveau bloc accepté: logging_3_5 de basic_0, hauteur 15
[Tick 94] Bloc rejeté: logging_4_5 de logging_1
[Tick 94] Nouveau bloc accepté: basic_0_5 de EMKAMA_0, hauteur 15
[Tick 94] Nouveau bloc accepté: EMKAMA_0_9 de logging_0, hauteur 10
[Tick 94] Nouveau bloc accepté: greedy_0_8 de logging_2, hauteur 16
[Tick 95] Nouveau bloc accepté: conservative_0_3 de EMKAMA_0, hauteur 16
[Tick 97] Nouveau bloc accepté: logging_0_4 de basic_0, hauteur 16
[Tick 99] Nouveau bloc accepté: logging_3_6 de logging_3, hauteur 17
[Tick 100] Tentative de minage au tick 100
[Tick 102] Nouveau bloc accepté: greedy_1_10 de logging_0, hauteur 16
[Tick 103] Choix du parent: logging_3_6 (hauteur 17)
[Tick 103] Nouveau bloc accepté: greedy_0_9 de greedy_0, hauteur 17
[Tick 103] Nouveau bloc accepté: EMKAMA_0_10 de greedy_0, hauteur 11
[Tick 104] Nouveau bloc accepté: logging_0_5 de logging_2, hauteur 17
[Tick 105] Nouveau bloc accepté: logging_1_6 de logging_1, hauteur 17
[Tick 106] Bloc rejeté: basic_0_6 de basic_0
[Tick 107] Nouveau bloc accepté: logging_2_5 de logging_2, hauteur 18
[Tick 107] Bloc rejeté: logging_4_6 de greedy_0
[Tick 109] Nouveau bloc accepté: EMKAMA_0_11 de greedy_1, hauteur 12
[Tick 109] Nouveau bloc accepté: greedy_0_10 de greedy_0, hauteur 19
[Tick 110] Tentative de minage au tick 110
[Tick 114] Nouveau bloc accepté: logging_0_6 de basic_0, hauteur 18
[Tick 114] Nouveau bloc accepté: logging_2_6 de greedy_0, hauteur 19
[Tick 115] Choix du parent: basic_0_6 (hauteur 19)
[Tick 116] Nouveau bloc accepté: conservative_0_4 de logging_2, hauteur 18
[Tick 120] Tentative de minage au tick 120
[Tick 120] Nouveau bloc accepté: logging_3_7 de greedy_1, hauteur 19
[Tick 120] Bloc rejeté: logging_4_7 de logging_1
[Tick 123] Bloc rejeté: greedy_1_12 de greedy_1
[Tick 123] Nouveau bloc accepté: logging_1_7 de EMKAMA_0, hauteur 20
[Tick 124] Nouveau bloc accepté: greedy_1_11 de logging_1, hauteur 19
[Tick 124] Nouveau bloc accepté: EMKAMA_0_12 de logging_1, hauteur 13
[Tick 127] Nouveau bloc accepté: basic_0_7 de basic_0, hauteur 21
[Tick 127] Nouveau bloc accepté: logging_0_7 de EMKAMA_0, hauteur 20
[Tick 129] Nouveau bloc accepté: logging_2_7 de logging_2, hauteur 21
[Tick 129] Nouveau bloc accepté: EMKAMA_0_13 de EMKAMA_0, hauteur 14
[Tick 130] Tentative de minage au tick 130
[Tick 130] Choix du parent: basic_0_7 (hauteur 21)
[Tick 132] Nouveau bloc accepté: greedy_0_11 de greedy_0, hauteur 21
[Tick 132] Nouveau bloc accepté: logging_0_8 de greedy_1, hauteur 22
[Tick 133] Nouveau bloc accepté: logging_1_8 de logging_1, hauteur 23
[Tick 136] Nouveau bloc accepté: greedy_1_13 de logging_1, hauteur 23
[Tick 137] Bloc rejeté: logging_4_8 de logging_2
[Tick 137] Nouveau bloc accepté: conservative_0_5 de greedy_0, hauteur 22
[Tick 139] Nouveau bloc accepté: greedy_0_12 de logging_0, hauteur 23
[Tick 140] Tentative de minage au tick 140
[Tick 140] Nouveau bloc accepté: logging_3_8 de logging_1, hauteur 22
[Tick 141] Nouveau bloc accepté: logging_2_8 de logging_2, hauteur 24
[Tick 143] Nouveau bloc accepté: basic_0_8 de greedy_1, hauteur 23
[Tick 146] Nouveau bloc accepté: logging_0_9 de EMKAMA_0, hauteur 24
[Tick 148] Nouveau bloc accepté: greedy_1_14 de greedy_1, hauteur 24
[Tick 148] Nouveau bloc accepté: EMKAMA_0_14 de logging_3, hauteur 15
[Tick 149] Nouveau bloc accepté: greedy_1_15 de greedy_1, hauteur 25
[Tick 150] Tentative de minage au tick 150
[Tick 151] Choix du parent: greedy_1_15 (hauteur 25)
[Tick 152] Nouveau bloc accepté: basic_0_9 de basic_0, hauteur 25
[Tick 153] Nouveau bloc accepté: greedy_0_13 de greedy_0, hauteur 24
[Tick 154] Nouveau bloc accepté: logging_3_9 de EMKAMA_0, hauteur 24
[Tick 156] Nouveau bloc accepté: logging_1_9 de logging_1, hauteur 25
[Tick 156] Bloc rejeté: logging_4_9 de greedy_1
[Tick 156] Nouveau bloc accepté: EMKAMA_0_15 de logging_0, hauteur 16
[Tick 159] Nouveau bloc accepté: conservative_0_6 de conservative_0, hauteur 25
[Tick 159] Nouveau bloc accepté: logging_0_10 de logging_0, hauteur 27
[Tick 160] Tentative de minage au tick 160
[Tick 160] Nouveau bloc accepté: greedy_0_14 de greedy_0, hauteur 27
[Tick 168] Nouveau bloc accepté: logging_2_9 de greedy_0, hauteur 28
[Tick 169] Nouveau bloc accepté: greedy_1_16 de EMKAMA_0, hauteur 27
[Tick 170] Tentative de minage au tick 170
[Tick 170] Choix du parent: logging_2_9 (hauteur 28)
[Tick 171] Nouveau bloc accepté: logging_0_11 de logging_0, hauteur 28
[Tick 171] Nouveau bloc accepté: logging_3_10 de logging_1, hauteur 26
[Tick 172] Nouveau bloc accepté: EMKAMA_0_16 de EMKAMA_0, hauteur 17
[Tick 172] Nouveau bloc accepté: EMKAMA_0_17 de EMKAMA_0, hauteur 18
[Tick 174] Bloc rejeté: conservative_0_7 de basic_0
[Tick 175] Bloc rejeté: basic_0_10 de basic_0
[Tick 178] Nouveau bloc accepté: greedy_0_15 de logging_0, hauteur 28
[Tick 178] Nouveau bloc accepté: logging_3_11 de logging_3, hauteur 30
[Tick 178] Nouveau bloc accepté: greedy_1_17 de greedy_1, hauteur 30
[Tick 178] Nouveau bloc accepté: greedy_0_16 de logging_0, hauteur 30
[Tick 179] Nouveau bloc accepté: logging_1_10 de basic_0, hauteur 29
[Tick 180] Tentative de minage au tick 180
[Tick 180] Nouveau bloc accepté: logging_2_10 de logging_2, hauteur 31
[Tick 183] Bloc rejeté: logging_4_10 de logging_0
[Tick 183] Nouveau bloc accepté: logging_0_12 de logging_1, hauteur 31
[Tick 186] Choix du parent: logging_2_10 (hauteur 31)
[Tick 187] Nouveau bloc accepté: logging_2_11 de logging_2, hauteur 32
[Tick 187] Nouveau bloc accepté: logging_1_11 de greedy_1, hauteur 32
[Tick 190] Tentative de minage au tick 190
[Tick 191] Bloc rejeté: logging_4_11 de logging_0
[Tick 191] Bloc rejeté: conservative_0_8 de conservative_0
[Tick 192] Nouveau bloc accepté: basic_0_11 de basic_0, hauteur 32
[Tick 193] Nouveau bloc accepté: EMKAMA_0_18 de logging_2, hauteur 19
[Tick 193] Bloc rejeté: greedy_0_18 de greedy_0
[Tick 193] Nouveau bloc accepté: EMKAMA_0_19 de EMKAMA_0, hauteur 20
[Tick 195] Bloc rejeté: greedy_1_19 de greedy_1
[Tick 197] Nouveau bloc accepté: greedy_0_17 de greedy_0, hauteur 32
[Tick 200] Tentative de minage au tick 200
[Tick 202] Nouveau bloc accepté: greedy_1_18 de EMKAMA_0, hauteur 33
[Tick 202] Nouveau bloc accepté: basic_0_12 de logging_0, hauteur 33
[Tick 203] Choix du parent: greedy_1_19 (hauteur 34)
[Tick 203] Nouveau bloc accepté: greedy_0_19 de EMKAMA_0, hauteur 34
[Tick 203] Nouveau bloc accepté: EMKAMA_0_20 de logging_3, hauteur 21
[Tick 207] Nouveau bloc accepté: greedy_0_20 de greedy_0, hauteur 35
[Tick 207] Nouveau bloc accepté: greedy_1_20 de EMKAMA_0, hauteur 36
[Tick 208] Nouveau bloc accepté: logging_0_13 de logging_0, hauteur 34
[Tick 208] Bloc rejeté: logging_4_12 de logging_2
[Tick 208] Nouveau bloc accepté: logging_3_13 de logging_3, hauteur 37
[Tick 209] Nouveau bloc accepté: greedy_0_21 de greedy_0, hauteur 36
[Tick 210] Tentative de minage au tick 210
[Tick 210] Bloc rejeté: logging_1_12 de logging_1
[Tick 210] Nouveau bloc accepté: logging_2_12 de logging_0, hauteur 34
[Tick 210] Nouveau bloc accepté: EMKAMA_0_21 de EMKAMA_0, hauteur 22
[Tick 211] Nouveau bloc accepté: basic_0_13 de basic_0, hauteur 35
[Tick 211] Nouveau bloc accepté: logging_3_12 de logging_0, hauteur 34
[Tick 214] Nouveau bloc accepté: logging_0_14 de EMKAMA_0, hauteur 36
[Tick 216] Nouveau bloc accepté: conservative_0_9 de conservative_0, hauteur 37
[Tick 218] Choix du parent: logging_3_13 (hauteur 37)
[Tick 220] Tentative de minage au tick 220
[Tick 222] Nouveau bloc accepté: greedy_1_21 de greedy_1, hauteur 38
[Tick 223] Bloc rejeté: logging_4_13 de logging_1
[Tick 224] Nouveau bloc accepté: logging_1_13 de logging_3, hauteur 37
[Tick 225] Nouveau bloc accepté: logging_3_14 de logging_3, hauteur 38
[Tick 226] Choix du parent: logging_4_13 (hauteur 38)
[Tick 226] Nouveau bloc accepté: greedy_0_22 de greedy_0, hauteur 38
[Tick 226] Nouveau bloc accepté: logging_0_15 de EMKAMA_0, hauteur 39
[Tick 227] Bloc rejeté: basic_0_15 de basic_0
[Tick 228] Nouveau bloc accepté: logging_2_13 de logging_2, hauteur 38
[Tick 229] Nouveau bloc accepté: basic_0_14 de logging_0, hauteur 38
[Tick 230] Tentative de minage au tick 230
[Tick 230] Nouveau bloc accepté: greedy_1_22 de greedy_1, hauteur 40
[Tick 231] Bloc rejeté: logging_4_14 de logging_1
[Tick 233] Nouveau bloc accepté: logging_1_14 de EMKAMA_0, hauteur 40
[Tick 234] Nouveau bloc accepté: EMKAMA_0_22 de greedy_0, hauteur 23
[Tick 235] Nouveau bloc accepté: logging_3_15 de logging_3, hauteur 40
[Tick 237] Nouveau bloc accepté: logging_2_14 de logging_2, hauteur 41
[Tick 238] Nouveau bloc accepté: conservative_0_10 de conservative_0, hauteur 40
[Tick 240] Tentative de minage au tick 240
[Tick 240] Nouveau bloc accepté: EMKAMA_0_23 de greedy_1, hauteur 24
[Tick 241] Choix du parent: logging_2_14 (hauteur 41)
[Tick 244] Nouveau bloc accepté: greedy_0_23 de logging_0, hauteur 41
[Tick 244] Nouveau bloc accepté: basic_0_16 de logging_3, hauteur 41
[Tick 246] Nouveau bloc accepté: logging_1_15 de greedy_0, hauteur 41
[Tick 248] Nouveau bloc accepté: EMKAMA_0_24 de EMKAMA_0, hauteur 25
[Tick 248] Nouveau bloc accepté: logging_0_16 de logging_2, hauteur 41
[Tick 249] Nouveau bloc accepté: greedy_1_23 de logging_2, hauteur 42
[Tick 250] Tentative de minage au tick 250
[Tick 250] Bloc rejeté: logging_4_15 de logging_1
[Tick 250] Nouveau bloc accepté: logging_3_16 de logging_3, hauteur 43
[Tick 250] Nouveau bloc accepté: EMKAMA_0_25 de EMKAMA_0, hauteur 26
[Tick 252] Nouveau bloc accepté: basic_0_17 de logging_2, hauteur 42
[Tick 252] Bloc rejeté: logging_1_16 de logging_1
[Tick 253] Nouveau bloc accepté: logging_2_15 de logging_2, hauteur 42
[Tick 253] Nouveau bloc accepté: greedy_0_24 de greedy_1, hauteur 43
[Tick 256] Nouveau bloc accepté: conservative_0_11 de greedy_0, hauteur 43
[Tick 257] Nouveau bloc accepté: greedy_1_24 de greedy_1, hauteur 44
[Tick 260] Tentative de minage au tick 260
[Tick 260] Nouveau bloc accepté: greedy_0_25 de logging_2, hauteur 44
[Tick 263] Choix du parent: greedy_1_24 (hauteur 44)
[Tick 264] Nouveau bloc accepté: logging_3_17 de logging_3, hauteur 45
[Tick 265] Nouveau bloc accepté: EMKAMA_0_26 de greedy_0, hauteur 27
[Tick 266] Nouveau bloc accepté: greedy_0_26 de logging_2, hauteur 45
[Tick 267] Nouveau bloc accepté: logging_0_17 de logging_2, hauteur 44
[Tick 269] Nouveau bloc accepté: logging_2_16 de logging_2, hauteur 45
[Tick 270] Tentative de minage au tick 270
[Tick 272] Bloc rejeté: logging_0_18 de greedy_1
[Tick 274] Bloc rejeté: logging_4_16 de logging_2
[Tick 275] Nouveau bloc accepté: basic_0_18 de basic_0, hauteur 45
[Tick 275] Bloc rejeté: conservative_0_12 de conservative_0
[Tick 277] Nouveau bloc accepté: greedy_1_25 de greedy_1, hauteur 47
[Tick 278] Choix du parent: conservative_0_12 (hauteur 48)
[Tick 280] Tentative de minage au tick 280
[Tick 280] Nouveau bloc accepté: logging_1_17 de logging_1, hauteur 46
[Tick 280] Nouveau bloc accepté: logging_2_17 de logging_2, hauteur 46
[Tick 282] Nouveau bloc accepté: logging_0_19 de logging_1, hauteur 47
[Tick 284] Bloc rejeté: logging_4_17 de logging_1
[Tick 285] Nouveau bloc accepté: basic_0_19 de basic_0, hauteur 47
[Tick 286] Nouveau bloc accepté: EMKAMA_0_27 de EMKAMA_0, hauteur 28
[Tick 287] Nouveau bloc accepté: EMKAMA_0_28 de EMKAMA_0, hauteur 29
[Tick 288] Nouveau bloc accepté: greedy_0_27 de greedy_0, hauteur 47
[Tick 289] Bloc rejeté: logging_2_18 de logging_2
[Tick 290] Tentative de minage au tick 290
[Tick 290] Choix du parent: logging_4_17 (hauteur 49)
[Tick 291] Nouveau bloc accepté: logging_1_18 de logging_1, hauteur 50
[Tick 291] Nouveau bloc accepté: greedy_1_26 de logging_1, hauteur 48
[Tick 294] Nouveau bloc accepté: greedy_0_28 de logging_3, hauteur 48
[Tick 295] Bloc rejeté: basic_0_20 de basic_0
[Tick 295] Nouveau bloc accepté: conservative_0_13 de conservative_0, hauteur 51
[Tick 296] Nouveau bloc accepté: greedy_1_27 de logging_0, hauteur 51
[Tick 297] Nouveau bloc accepté: logging_0_20 de logging_0, hauteur 50
[Tick 298] Nouveau bloc accepté: logging_3_18 de logging_3, hauteur 49
[Tick 298] Bloc rejeté: logging_4_18 de basic_0
[Tick 298] Nouveau bloc accepté: EMKAMA_0_29 de greedy_1, hauteur 30
[Tick 300] Tentative de minage au tick 300
[Tick 300] Nouveau bloc accepté: greedy_0_29 de logging_3, hauteur 52
[Tick 304] Nouveau bloc accepté: logging_3_19 de logging_1, hauteur 51
[Tick 306] Nouveau bloc accepté: EMKAMA_0_30 de EMKAMA_0, hauteur 31
[Tick 308] Nouveau bloc accepté: logging_1_19 de logging_1, hauteur 53
[Tick 308] Nouveau bloc accepté: logging_2_19 de greedy_1, hauteur 52
[Tick 308] Nouveau bloc accepté: greedy_1_28 de greedy_1, hauteur 53
[Tick 309] Choix du parent: logging_1_19 (hauteur 53)
[Tick 310] Tentative de minage au tick 310
[Tick 310] Nouveau bloc accepté: basic_0_21 de greedy_1, hauteur 54
[Tick 314] Nouveau bloc accepté: EMKAMA_0_31 de EMKAMA_0, hauteur 32
[Tick 314] Bloc rejeté: greedy_1_29 de logging_1
[Tick 316] Choix du parent: logging_4_19 (hauteur 54)
[Tick 316] Nouveau bloc accepté: logging_0_21 de logging_0, hauteur 54
[Tick 316] Nouveau bloc accepté: greedy_0_30 de greedy_1, hauteur 55
[Tick 318] Nouveau bloc accepté: logging_2_20 de logging_3, hauteur 54
[Tick 318] Nouveau bloc accepté: logging_1_20 de logging_3, hauteur 55
[Tick 319] Bloc rejeté: logging_4_19 de logging_2
[Tick 319] Nouveau bloc accepté: logging_3_20 de logging_3, hauteur 56
[Tick 320] Tentative de minage au tick 320
[Tick 320] Nouveau bloc accepté: conservative_0_14 de greedy_1, hauteur 55
[Tick 322] Nouveau bloc accepté: EMKAMA_0_32 de EMKAMA_0, hauteur 33
[Tick 324] Choix du parent: greedy_1_29 (hauteur 56)
[Tick 324] Nouveau bloc accepté: logging_2_21 de greedy_1, hauteur 57
[Tick 326] Nouveau bloc accepté: greedy_0_31 de greedy_0, hauteur 57
[Tick 326] Nouveau bloc accepté: greedy_1_30 de greedy_1, hauteur 58
[Tick 329] Nouveau bloc accepté: basic_0_22 de basic_0, hauteur 57
[Tick 329] Nouveau bloc accepté: EMKAMA_0_33 de EMKAMA_0, hauteur 34
[Tick 329] Bloc rejeté: logging_4_21 de EMKAMA_0
[Tick 330] Tentative de minage au tick 330
[Tick 330] Bloc rejeté: logging_4_20 de EMKAMA_0
[Tick 332] Nouveau bloc accepté: logging_2_22 de logging_2, hauteur 59
[Tick 334] Nouveau bloc accepté: conservative_0_15 de conservative_0, hauteur 58
[Tick 334] Nouveau bloc accepté: greedy_1_31 de greedy_1, hauteur 59
[Tick 337] Nouveau bloc accepté: logging_3_21 de logging_2, hauteur 59
[Tick 338] Choix du parent: logging_2_22 (hauteur 59)
[Tick 338] Nouveau bloc accepté: logging_0_22 de logging_0, hauteur 59
[Tick 340] Tentative de minage au tick 340
[Tick 340] Nouveau bloc accepté: logging_1_21 de logging_0, hauteur 59
[Tick 342] Nouveau bloc accepté: greedy_0_32 de logging_0, hauteur 60
[Tick 342] Nouveau bloc accepté: basic_0_23 de EMKAMA_0, hauteur 60
[Tick 344] Bloc rejeté: logging_4_22 de greedy_0
[Tick 350] Tentative de minage au tick 350
[Tick 350] Choix du parent: logging_4_22 (hauteur 60)
[Tick 350] Nouveau bloc accepté: conservative_0_16 de logging_1, hauteur 61
[Tick 351] Nouveau bloc accepté: greedy_1_32 de EMKAMA_0, hauteur 61
[Tick 352] Bloc rejeté: EMKAMA_0_35 de EMKAMA_0
[Tick 352] Nouveau bloc accepté: EMKAMA_0_34 de logging_0, hauteur 35
[Tick 352] Nouveau bloc accepté: logging_2_23 de logging_3, hauteur 62
[Tick 352] Nouveau bloc accepté: greedy_1_33 de greedy_1, hauteur 62
[Tick 353] Nouveau bloc accepté: basic_0_24 de greedy_0, hauteur 62
[Tick 353] Bloc rejeté: logging_4_23 de greedy_1
[Tick 354] Nouveau bloc accepté: greedy_0_33 de greedy_0, hauteur 63
[Tick 354] Bloc rejeté: logging_1_22 de EMKAMA_0
[Tick 356] Nouveau bloc accepté: logging_3_22 de logging_3, hauteur 61
[Tick 360] Tentative de minage au tick 360
[Tick 360] Nouveau bloc accepté: logging_0_23 de greedy_1, hauteur 61
[Tick 361] Nouveau bloc accepté: logging_3_23 de logging_2, hauteur 63
[Tick 363] Nouveau bloc accepté: EMKAMA_0_36 de EMKAMA_0, hauteur 37
[Tick 364] Nouveau bloc accepté: logging_2_24 de logging_2, hauteur 64
[Tick 367] Bloc rejeté: greedy_1_34 de greedy_1
[Tick 370] Tentative de minage au tick 370
[Tick 370] Nouveau bloc accepté: conservative_0_17 de conservative_0, hauteur 64
[Tick 371] Nouveau bloc accepté: logging_1_23 de logging_0, hauteur 64
[Tick 373] Choix du parent: greedy_1_34 (hauteur 65)
[Tick 373] Nouveau bloc accepté: greedy_0_34 de greedy_0, hauteur 64
[Tick 375] Nouveau bloc accepté: logging_0_24 de EMKAMA_0, hauteur 65
[Tick 376] Nouveau bloc accepté: EMKAMA_0_37 de greedy_0, hauteur 38
[Tick 376] Nouveau bloc accepté: logging_3_24 de basic_0, hauteur 64
[Tick 378] Nouveau bloc accepté: EMKAMA_0_38 de EMKAMA_0, hauteur 39
[Tick 378] Nouveau bloc accepté: basic_0_25 de logging_3, hauteur 66
[Tick 379] Nouveau bloc accepté: greedy_0_35 de greedy_0, hauteur 66
[Tick 380] Tentative de minage au tick 380
[Tick 380] Bloc rejeté: logging_4_24 de EMKAMA_0
[Tick 384] Choix du parent: logging_4_24 (hauteur 66)
[Tick 384] Nouveau bloc accepté: logging_2_25 de logging_2, hauteur 67
[Tick 385] Nouveau bloc accepté: greedy_1_35 de logging_0, hauteur 66
[Tick 386] Nouveau bloc accepté: logging_0_25 de logging_3, hauteur 67
[Tick 387] Nouveau bloc accepté: logging_3_25 de greedy_1, hauteur 66
[Tick 388] Bloc rejeté: conservative_0_18 de conservative_0
[Tick 390] Tentative de minage au tick 390
[Tick 390] Nouveau bloc accepté: logging_3_26 de logging_3, hauteur 68
[Tick 390] Nouveau bloc accepté: logging_1_24 de EMKAMA_0, hauteur 67
[Tick 391] Nouveau bloc accepté: greedy_1_36 de greedy_1, hauteur 68
[Tick 393] Nouveau bloc accepté: EMKAMA_0_39 de EMKAMA_0, hauteur 40
[Tick 395] Nouveau bloc accepté: greedy_0_36 de logging_2, hauteur 68
[Tick 395] Nouveau bloc accepté: EMKAMA_0_40 de EMKAMA_0, hauteur 41
[Tick 398] Nouveau bloc accepté: logging_1_25 de logging_2, hauteur 69
[Tick 399] Nouveau bloc accepté: logging_0_26 de basic_0, hauteur 69
[Tick 400] Tentative de minage au tick 400
[Tick 401] Choix du parent: logging_1_25 (hauteur 69)
[Tick 402] Bloc rejeté: logging_4_25 de greedy_0
[Tick 404] Nouveau bloc accepté: greedy_0_37 de basic_0, hauteur 69
[Tick 406] Nouveau bloc accepté: basic_0_26 de logging_2, hauteur 69
[Tick 407] Nouveau bloc accepté: logging_2_26 de logging_2, hauteur 70
[Tick 408] Bloc rejeté: logging_4_26 de logging_0
[Tick 409] Nouveau bloc accepté: greedy_1_37 de basic_0, hauteur 70
[Tick 410] Tentative de minage au tick 410
[Tick 410] Nouveau bloc accepté: conservative_0_19 de conservative_0, hauteur 71
[Tick 412] Nouveau bloc accepté: greedy_1_38 de greedy_0, hauteur 71
[Tick 415] Nouveau bloc accepté: logging_1_26 de EMKAMA_0, hauteur 70
[Tick 418] Choix du parent: conservative_0_19 (hauteur 71)
[Tick 418] Nouveau bloc accepté: greedy_0_38 de greedy_1, hauteur 71
[Tick 418] Nouveau bloc accepté: logging_3_27 de basic_0, hauteur 70
[Tick 419] Nouveau bloc accepté: basic_0_27 de basic_0, hauteur 72
[Tick 419] Nouveau bloc accepté: logging_2_27 de logging_0, hauteur 72
[Tick 420] Tentative de minage au tick 420
[Tick 421] Nouveau bloc accepté: EMKAMA_0_41 de basic_0, hauteur 42
[Tick 421] Nouveau bloc accepté: greedy_1_39 de logging_2, hauteur 72
[Tick 422] Nouveau bloc accepté: logging_0_27 de logging_0, hauteur 71
[Tick 422] Nouveau bloc accepté: logging_1_27 de logging_1, hauteur 73
[Tick 423] Nouveau bloc accepté: EMKAMA_0_42 de EMKAMA_0, hauteur 43
[Tick 426] Nouveau bloc accepté: greedy_0_39 de greedy_0, hauteur 72
[Tick 426] Nouveau bloc accepté: logging_3_28 de EMKAMA_0, hauteur 72
[Tick 426] Nouveau bloc accepté: conservative_0_20 de conservative_0, hauteur 73
[Tick 427] Bloc rejeté: logging_4_27 de EMKAMA_0
[Tick 427] Nouveau bloc accepté: basic_0_28 de basic_0, hauteur 73
[Tick 430] Tentative de minage au tick 430
[Tick 431] Choix du parent: logging_1_27 (hauteur 73)
[Tick 432] Nouveau bloc accepté: logging_3_29 de EMKAMA_0, hauteur 73
[Tick 437] Nouveau bloc accepté: logging_0_28 de EMKAMA_0, hauteur 73
[Tick 438] Nouveau bloc accepté: logging_2_28 de logging_1, hauteur 74
[Tick 439] Nouveau bloc accepté: logging_1_28 de logging_1, hauteur 75
[Tick 439] Nouveau bloc accepté: greedy_1_40 de logging_0, hauteur 74
[Tick 440] Tentative de minage au tick 440
[Tick 441] Nouveau bloc accepté: EMKAMA_0_43 de basic_0, hauteur 44
[Tick 441] Nouveau bloc accepté: EMKAMA_0_44 de EMKAMA_0, hauteur 45
[Tick 442] Nouveau bloc accepté: logging_0_29 de logging_0, hauteur 75
[Tick 442] Nouveau bloc accepté: logging_3_30 de greedy_0, hauteur 75
[Tick 446] Bloc rejeté: logging_4_28 de logging_3
[Tick 446] Nouveau bloc accepté: basic_0_29 de logging_3, hauteur 74
[Tick 446] Nouveau bloc accepté: logging_2_29 de basic_0, hauteur 76
[Tick 448] Nouveau bloc accepté: greedy_0_40 de logging_1, hauteur 74
[Tick 448] Nouveau bloc accepté: greedy_0_41 de EMKAMA_0, hauteur 76
[Tick 450] Tentative de minage au tick 450
[Tick 450] Choix du parent: logging_2_29 (hauteur 76)
[Tick 451] Nouveau bloc accepté: greedy_1_41 de greedy_1, hauteur 76
[Tick 451] Nouveau bloc accepté: basic_0_30 de basic_0, hauteur 77
[Tick 452] Nouveau bloc accepté: logging_1_29 de logging_1, hauteur 76
[Tick 452] Nouveau bloc accepté: logging_0_30 de logging_0, hauteur 76
[Tick 452] Nouveau bloc accepté: logging_3_31 de basic_0, hauteur 78
[Tick 455] Nouveau bloc accepté: greedy_0_42 de greedy_0, hauteur 77
[Tick 457] Bloc rejeté: logging_4_29 de logging_3
[Tick 458] Nouveau bloc accepté: logging_2_30 de logging_2, hauteur 79
[Tick 458] Nouveau bloc accepté: conservative_0_21 de logging_0, hauteur 77
[Tick 459] Nouveau bloc accepté: logging_1_30 de logging_1, hauteur 79
[Tick 460] Tentative de minage au tick 460
[Tick 461] Nouveau bloc accepté: greedy_1_42 de logging_2, hauteur 77
[Tick 463] Bloc rejeté: EMKAMA_0_46 de EMKAMA_0
[Tick 465] Nouveau bloc accepté: EMKAMA_0_45 de logging_1, hauteur 46
[Tick 465] Nouveau bloc accepté: conservative_0_22 de logging_0, hauteur 79
[Tick 466] Nouveau bloc accepté: logging_0_31 de logging_0, hauteur 79
[Tick 470] Tentative de minage au tick 470
[Tick 470] Bloc rejeté: greedy_1_44 de EMKAMA_0
[Tick 470] Bloc rejeté: basic_0_32 de logging_2
[Tick 470] Nouveau bloc accepté: basic_0_31 de logging_3, hauteur 79
[Tick 471] Nouveau bloc accepté: greedy_1_43 de EMKAMA_0, hauteur 79
[Tick 473] Choix du parent: basic_0_32 (hauteur 80)
[Tick 474] Nouveau bloc accepté: logging_1_31 de greedy_0, hauteur 81
[Tick 476] Nouveau bloc accepté: logging_2_31 de logging_0, hauteur 80
[Tick 477] Nouveau bloc accepté: logging_3_32 de logging_0, hauteur 81
[Tick 478] Nouveau bloc accepté: greedy_0_43 de logging_3, hauteur 80
[Tick 480] Tentative de minage au tick 480
[Tick 480] Nouveau bloc accepté: EMKAMA_0_47 de logging_0, hauteur 48
[Tick 482] Nouveau bloc accepté: greedy_1_45 de greedy_1, hauteur 81
[Tick 482] Nouveau bloc accepté: basic_0_33 de basic_0, hauteur 82
[Tick 483] Bloc rejeté: logging_4_30 de logging_3
[Tick 483] Nouveau bloc accepté: logging_0_32 de logging_3, hauteur 81
[Tick 484] Nouveau bloc accepté: logging_2_32 de logging_2, hauteur 82
[Tick 486] Nouveau bloc accepté: EMKAMA_0_48 de EMKAMA_0, hauteur 49
[Tick 487] Nouveau bloc accepté: greedy_0_44 de greedy_0, hauteur 82
[Tick 490] Tentative de minage au tick 490
[Tick 490] Nouveau bloc accepté: greedy_0_45 de greedy_0, hauteur 83
[Tick 490] Nouveau bloc accepté: EMKAMA_0_49 de EMKAMA_0, hauteur 50
[Tick 492] Nouveau bloc accepté: logging_0_33 de logging_1, hauteur 83
[Tick 493] Choix du parent: greedy_0_45 (hauteur 83)
[Tick 493] Nouveau bloc accepté: greedy_0_46 de greedy_0, hauteur 84
[Tick 495] Nouveau bloc accepté: logging_3_33 de greedy_0, hauteur 83
[Tick 496] Bloc rejeté: logging_1_32 de logging_2
[Tick 497] Bloc rejeté: greedy_1_47 de EMKAMA_0
[Tick 497] Nouveau bloc accepté: EMKAMA_0_50 de EMKAMA_0, hauteur 51
[Tick 499] Nouveau bloc accepté: greedy_1_46 de logging_3, hauteur 83
[Tick 500] Tentative de minage au tick 500
[Tick 500] Bloc rejeté: logging_4_31 de logging_1
[Tick 500] Nouveau bloc accepté: conservative_0_23 de logging_3, hauteur 84
[Tick 502] Nouveau bloc accepté: logging_2_33 de logging_2, hauteur 85
[Tick 505] Nouveau bloc accepté: greedy_0_47 de greedy_0, hauteur 86
[Tick 509] Nouveau bloc accepté: greedy_1_48 de greedy_1, hauteur 86
[Tick 510] Tentative de minage au tick 510
[Tick 510] Choix du parent: greedy_0_47 (hauteur 86)
[Tick 510] Nouveau bloc accepté: EMKAMA_0_51 de EMKAMA_0, hauteur 52
[Tick 512] Nouveau bloc accepté: logging_1_33 de logging_1, hauteur 87
[Tick 513] Nouveau bloc accepté: logging_3_34 de logging_3, hauteur 87
[Tick 518] Nouveau bloc accepté: basic_0_34 de basic_0, hauteur 85
[Tick 519] Nouveau bloc accepté: logging_0_34 de logging_0, hauteur 85
[Tick 519] Nouveau bloc accepté: EMKAMA_0_52 de greedy_1, hauteur 53
[Tick 519] Bloc rejeté: basic_0_35 de basic_0
[Tick 520] Tentative de minage au tick 520
[Tick 520] Nouveau bloc accepté: logging_2_34 de logging_2, hauteur 88
[Tick 520] Nouveau bloc accepté: conservative_0_24 de greedy_1, hauteur 88
[Tick 522] Bloc rejeté: logging_4_32 de greedy_0
[Tick 522] Nouveau bloc accepté: logging_1_34 de logging_1, hauteur 89
[Tick 523] Nouveau bloc accepté: greedy_1_49 de greedy_1, hauteur 89
[Tick 524] Nouveau bloc accepté: greedy_0_48 de EMKAMA_0, hauteur 88
[Tick 525] Nouveau bloc accepté: logging_0_35 de logging_0, hauteur 88
[Tick 528] Bloc rejeté: logging_0_36 de logging_2
[Tick 529] Nouveau bloc accepté: logging_3_35 de logging_3, hauteur 90
[Tick 530] Tentative de minage au tick 530
[Tick 530] Nouveau bloc accepté: greedy_0_49 de logging_2, hauteur 89
[Tick 530] Nouveau bloc accepté: EMKAMA_0_53 de logging_0, hauteur 54
[Tick 532] Choix du parent: logging_3_35 (hauteur 90)
[Tick 533] Nouveau bloc accepté: conservative_0_25 de greedy_0, hauteur 91
[Tick 535] Nouveau bloc accepté: greedy_1_50 de greedy_1, hauteur 90
[Tick 536] Nouveau bloc accepté: basic_0_36 de basic_0, hauteur 91
[Tick 536] Nouveau bloc accepté: logging_2_35 de EMKAMA_0, hauteur 91
[Tick 538] Nouveau bloc accepté: greedy_1_51 de EMKAMA_0, hauteur 92
[Tick 540] Tentative de minage au tick 540
[Tick 540] Nouveau bloc accepté: logging_0_37 de logging_0, hauteur 92
[Tick 542] Nouveau bloc accepté: EMKAMA_0_54 de EMKAMA_0, hauteur 55
[Tick 542] Nouveau bloc accepté: greedy_0_50 de greedy_1, hauteur 92
[Tick 543] Nouveau bloc accepté: logging_1_35 de logging_0, hauteur 92
[Tick 543] Bloc rejeté: logging_4_33 de EMKAMA_0
[Tick 544] Choix du parent: greedy_1_51 (hauteur 92)
[Tick 546] Nouveau bloc accepté: logging_3_36 de EMKAMA_0, hauteur 93
[Tick 548] Nouveau bloc accepté: greedy_1_52 de EMKAMA_0, hauteur 93
[Tick 550] Tentative de minage au tick 550
[Tick 550] Nouveau bloc accepté: logging_0_38 de EMKAMA_0, hauteur 94
[Tick 552] Nouveau bloc accepté: EMKAMA_0_55 de greedy_0, hauteur 56
[Tick 552] Bloc rejeté: logging_4_34 de logging_1
[Tick 556] Nouveau bloc accepté: greedy_0_51 de logging_2, hauteur 94
[Tick 557] Choix du parent: logging_0_38 (hauteur 94)
[Tick 557] Nouveau bloc accepté: basic_0_37 de greedy_1, hauteur 93
[Tick 558] Nouveau bloc accepté: logging_1_36 de logging_3, hauteur 95
[Tick 558] Nouveau bloc accepté: conservative_0_26 de greedy_0, hauteur 94
[Tick 560] Tentative de minage au tick 560
[Tick 560] Nouveau bloc accepté: EMKAMA_0_56 de EMKAMA_0, hauteur 57
[Tick 560] Bloc rejeté: logging_4_35 de logging_2
[Tick 563] Nouveau bloc accepté: greedy_1_53 de logging_1, hauteur 95
[Tick 564] Bloc rejeté: logging_0_39 de EMKAMA_0
[Tick 566] Choix du parent: logging_4_35 (hauteur 95)
[Tick 566] Nouveau bloc accepté: greedy_0_52 de logging_2, hauteur 95
[Tick 566] Nouveau bloc accepté: logging_2_36 de basic_0, hauteur 95
[Tick 567] Nouveau bloc accepté: logging_3_37 de logging_3, hauteur 96
[Tick 570] Tentative de minage au tick 570
[Tick 570] Nouveau bloc accepté: greedy_1_54 de greedy_1, hauteur 96
[Tick 570] Nouveau bloc accepté: EMKAMA_0_57 de logging_3, hauteur 58
[Tick 571] Nouveau bloc accepté: basic_0_38 de basic_0, hauteur 96
[Tick 573] Nouveau bloc accepté: logging_2_37 de logging_2, hauteur 97
[Tick 574] Nouveau bloc accepté: greedy_0_53 de logging_1, hauteur 96
[Tick 577] Bloc rejeté: logging_4_36 de logging_0
[Tick 579] Nouveau bloc accepté: conservative_0_27 de logging_2, hauteur 97
[Tick 580] Tentative de minage au tick 580
[Tick 580] Choix du parent: logging_2_37 (hauteur 97)
[Tick 581] Nouveau bloc accepté: EMKAMA_0_58 de EMKAMA_0, hauteur 59
[Tick 582] Nouveau bloc accepté: logging_1_37 de greedy_1, hauteur 97
[Tick 585] Nouveau bloc accepté: basic_0_39 de logging_3, hauteur 98
[Tick 585] Nouveau bloc accepté: logging_3_38 de basic_0, hauteur 97
[Tick 586] Nouveau bloc accepté: logging_1_38 de logging_2, hauteur 98
[Tick 586] Nouveau bloc accepté: logging_0_40 de greedy_1, hauteur 98
[Tick 587] Nouveau bloc accepté: EMKAMA_0_59 de EMKAMA_0, hauteur 60
[Tick 588] Bloc rejeté: logging_4_37 de logging_0
[Tick 590] Tentative de minage au tick 590
[Tick 592] Bloc rejeté: greedy_0_55 de greedy_0
[Tick 592] Nouveau bloc accepté: logging_2_38 de EMKAMA_0, hauteur 99
[Tick 593] Bloc rejeté: greedy_1_56 de greedy_1
[Tick 594] Nouveau bloc accepté: greedy_0_54 de logging_1, hauteur 98
[Tick 594] Bloc rejeté: greedy_1_57 de greedy_1
[Tick 595] Nouveau bloc accepté: greedy_1_55 de logging_2, hauteur 98
[Tick 597] Nouveau bloc accepté: conservative_0_28 de conservative_0, hauteur 100
[Tick 597] Nouveau bloc accepté: logging_3_39 de logging_3, hauteur 100
[Tick 599] Nouveau bloc accepté: EMKAMA_0_60 de basic_0, hauteur 61
[Tick 600] Tentative de minage au tick 600
[Tick 602] Nouveau bloc accepté: greedy_0_56 de EMKAMA_0, hauteur 100
[Tick 603] Choix du parent: greedy_1_57 (hauteur 100)
[Tick 604] Nouveau bloc accepté: logging_2_39 de logging_2, hauteur 100
[Tick 604] Nouveau bloc accepté: EMKAMA_0_61 de EMKAMA_0, hauteur 62
[Tick 604] Nouveau bloc accepté: basic_0_40 de basic_0, hauteur 101
[Tick 604] Nouveau bloc accepté: logging_1_39 de basic_0, hauteur 101
[Tick 608] Nouveau bloc accepté: greedy_1_58 de EMKAMA_0, hauteur 101
[Tick 609] Nouveau bloc accepté: greedy_0_57 de greedy_1, hauteur 101
[Tick 610] Tentative de minage au tick 610
[Tick 610] Nouveau bloc accepté: logging_0_41 de logging_0, hauteur 101
[Tick 612] Bloc rejeté: logging_4_38 de greedy_1
[Tick 615] Choix du parent: logging_4_38 (hauteur 101)
[Tick 615] Nouveau bloc accepté: conservative_0_29 de EMKAMA_0, hauteur 102
[Tick 616] Nouveau bloc accepté: EMKAMA_0_62 de logging_1, hauteur 63
[Tick 620] Tentative de minage au tick 620
[Tick 622] Nouveau bloc accepté: logging_3_40 de EMKAMA_0, hauteur 102
[Tick 622] Nouveau bloc accepté: logging_2_40 de EMKAMA_0, hauteur 103
[Tick 624] Nouveau bloc accepté: logging_0_42 de greedy_0, hauteur 102
[Tick 624] Bloc rejeté: logging_4_39 de logging_3
[Tick 626] Nouveau bloc accepté: logging_3_41 de logging_3, hauteur 103
[Tick 627] Choix du parent: logging_2_40 (hauteur 103)
[Tick 627] Nouveau bloc accepté: greedy_1_59 de logging_1, hauteur 103
[Tick 629] Nouveau bloc accepté: basic_0_41 de basic_0, hauteur 102
[Tick 630] Tentative de minage au tick 630
[Tick 631] Nouveau bloc accepté: logging_1_40 de logging_0, hauteur 103
[Tick 632] Nouveau bloc accepté: greedy_0_58 de greedy_0, hauteur 104
[Tick 632] Bloc rejeté: greedy_0_60 de EMKAMA_0
[Tick 633] Bloc rejeté: logging_4_40 de logging_0
[Tick 635] Nouveau bloc accepté: logging_3_42 de logging_3, hauteur 104
[Tick 635] Nouveau bloc accepté: conservative_0_30 de conservative_0, hauteur 105
[Tick 636] Nouveau bloc accepté: logging_0_43 de EMKAMA_0, hauteur 105
[Tick 636] Nouveau bloc accepté: EMKAMA_0_63 de basic_0, hauteur 64
[Tick 636] Bloc rejeté: greedy_0_61 de greedy_0
[Tick 637] Nouveau bloc accepté: basic_0_42 de logging_1, hauteur 104
[Tick 638] Nouveau bloc accepté: greedy_0_59 de greedy_0, hauteur 105
[Tick 639] Nouveau bloc accepté: greedy_1_60 de EMKAMA_0, hauteur 104
[Tick 639] Nouveau bloc accepté: basic_0_43 de logging_0, hauteur 106
[Tick 640] Tentative de minage au tick 640
[Tick 640] Nouveau bloc accepté: logging_3_43 de logging_3, hauteur 106
[Tick 641] Nouveau bloc accepté: EMKAMA_0_64 de basic_0, hauteur 65
[Tick 643] Choix du parent: greedy_0_61 (hauteur 107)
[Tick 643] Nouveau bloc accepté: logging_2_41 de logging_2, hauteur 107
[Tick 646] Nouveau bloc accepté: greedy_1_61 de logging_1, hauteur 107
[Tick 646] Nouveau bloc accepté: basic_0_44 de basic_0, hauteur 107
[Tick 647] Nouveau bloc accepté: conservative_0_31 de greedy_1, hauteur 107
[Tick 650] Tentative de minage au tick 650
[Tick 654] Choix du parent: logging_4_41 (hauteur 108)
[Tick 654] Bloc rejeté: logging_0_44 de logging_0
[Tick 655] Bloc rejeté: logging_4_41 de EMKAMA_0
[Tick 657] Nouveau bloc accepté: logging_1_41 de logging_2, hauteur 108
[Tick 659] Nouveau bloc accepté: basic_0_45 de basic_0, hauteur 109
[Tick 659] Bloc rejeté: EMKAMA_0_66 de EMKAMA_0
[Tick 660] Tentative de minage au tick 660
[Tick 661] Nouveau bloc accepté: greedy_0_62 de greedy_0, hauteur 108
[Tick 662] Nouveau bloc accepté: logging_3_44 de EMKAMA_0, hauteur 109
[Tick 663] Nouveau bloc accepté: EMKAMA_0_65 de greedy_0, hauteur 66
[Tick 663] Nouveau bloc accepté: logging_2_42 de logging_3, hauteur 110
[Tick 664] Nouveau bloc accepté: greedy_1_62 de greedy_0, hauteur 109
[Tick 664] Nouveau bloc accepté: greedy_1_63 de greedy_1, hauteur 110
[Tick 665] Nouveau bloc accepté: greedy_0_63 de greedy_0, hauteur 110
[Tick 667] Bloc rejeté: logging_4_42 de EMKAMA_0
[Tick 669] Nouveau bloc accepté: logging_1_42 de logging_0, hauteur 110
[Tick 669] Nouveau bloc accepté: logging_2_43 de logging_2, hauteur 111
[Tick 669] Nouveau bloc accepté: logging_0_45 de logging_0, hauteur 111
[Tick 670] Tentative de minage au tick 670
[Tick 670] Choix du parent: logging_2_43 (hauteur 111)
[Tick 671] Nouveau bloc accepté: logging_3_45 de greedy_1, hauteur 111
[Tick 673] Nouveau bloc accepté: greedy_0_64 de logging_3, hauteur 111
[Tick 674] Nouveau bloc accepté: greedy_0_65 de greedy_0, hauteur 112
[Tick 674] Bloc rejeté: greedy_1_65 de greedy_1
[Tick 676] Bloc rejeté: conservative_0_32 de conservative_0
[Tick 676] Bloc rejeté: logging_4_43 de EMKAMA_0
[Tick 676] Bloc rejeté: EMKAMA_0_68 de EMKAMA_0
[Tick 678] Nouveau bloc accepté: logging_3_46 de logging_3, hauteur 113
[Tick 679] Nouveau bloc accepté: greedy_1_64 de EMKAMA_0, hauteur 111
[Tick 680] Tentative de minage au tick 680
[Tick 680] Nouveau bloc accepté: EMKAMA_0_67 de EMKAMA_0, hauteur 68
[Tick 680] Nouveau bloc accepté: greedy_0_66 de greedy_1, hauteur 113
[Tick 681] Nouveau bloc accepté: logging_2_44 de logging_2, hauteur 113
[Tick 685] Nouveau bloc accepté: logging_0_46 de EMKAMA_0, hauteur 113
[Tick 686] Nouveau bloc accepté: logging_1_43 de greedy_0, hauteur 113
[Tick 686] Nouveau bloc accepté: basic_0_46 de logging_0, hauteur 112
[Tick 688] Choix du parent: logging_3_46 (hauteur 113)
[Tick 690] Tentative de minage au tick 690
[Tick 690] Nouveau bloc accepté: greedy_1_66 de logging_3, hauteur 114
[Tick 690] Nouveau bloc accepté: greedy_0_67 de logging_3, hauteur 115
[Tick 690] Nouveau bloc accepté: conservative_0_33 de conservative_0, hauteur 114
[Tick 691] Nouveau bloc accepté: logging_2_45 de logging_2, hauteur 114
[Tick 692] Nouveau bloc accepté: EMKAMA_0_69 de logging_0, hauteur 70
[Tick 693] Bloc rejeté: logging_4_44 de logging_2
[Tick 696] Nouveau bloc accepté: logging_3_47 de logging_3, hauteur 116
[Tick 698] Nouveau bloc accepté: greedy_1_67 de basic_0, hauteur 115
[Tick 698] Nouveau bloc accepté: logging_0_47 de logging_0, hauteur 117
[Tick 699] Choix du parent: logging_0_47 (hauteur 117)
[Tick 700] Tentative de minage au tick 700
[Tick 700] Nouveau bloc accepté: basic_0_47 de greedy_0, hauteur 114
[Tick 701] Nouveau bloc accepté: EMKAMA_0_70 de EMKAMA_0, hauteur 71
[Tick 701] Nouveau bloc accepté: EMKAMA_0_71 de EMKAMA_0, hauteur 72
[Tick 703] Nouveau bloc accepté: logging_2_46 de logging_2, hauteur 117
[Tick 704] Nouveau bloc accepté: logging_1_44 de EMKAMA_0, hauteur 117
[Tick 705] Nouveau bloc accepté: basic_0_48 de EMKAMA_0, hauteur 115
[Tick 710] Tentative de minage au tick 710
[Tick 710] Nouveau bloc accepté: logging_3_48 de logging_3, hauteur 118
[Tick 710] Nouveau bloc accepté: greedy_0_68 de logging_3, hauteur 117
[Tick 711] Nouveau bloc accepté: EMKAMA_0_72 de greedy_0, hauteur 73
[Tick 712] Choix du parent: logging_4_45 (hauteur 118)
[Tick 712] Nouveau bloc accepté: logging_0_48 de logging_0, hauteur 118
[Tick 713] Nouveau bloc accepté: basic_0_49 de logging_1, hauteur 119
[Tick 714] Nouveau bloc accepté: greedy_1_68 de greedy_1, hauteur 119
[Tick 715] Bloc rejeté: logging_4_45 de basic_0
[Tick 716] Nouveau bloc accepté: conservative_0_34 de basic_0, hauteur 118
[Tick 717] Nouveau bloc accepté: greedy_0_69 de logging_3, hauteur 120
[Tick 719] Nouveau bloc accepté: greedy_0_70 de greedy_0, hauteur 121
[Tick 720] Tentative de minage au tick 720
[Tick 720] Nouveau bloc accepté: logging_0_49 de logging_0, hauteur 120
[Tick 721] Nouveau bloc accepté: logging_1_45 de logging_1, hauteur 120
[Tick 723] Bloc rejeté: logging_4_46 de logging_2
[Tick 726] Nouveau bloc accepté: EMKAMA_0_73 de greedy_1, hauteur 74
[Tick 727] Nouveau bloc accepté: greedy_1_69 de logging_1, hauteur 121
[Tick 730] Tentative de minage au tick 730
[Tick 730] Nouveau bloc accepté: logging_3_49 de EMKAMA_0, hauteur 122
[Tick 730] Bloc rejeté: greedy_1_70 de greedy_1
[Tick 730] Nouveau bloc accepté: logging_0_50 de logging_2, hauteur 122
[Tick 730] Nouveau bloc accepté: basic_0_50 de logging_0, hauteur 122
[Tick 731] Choix du parent: greedy_1_70 (hauteur 123)
[Tick 731] Nouveau bloc accepté: logging_2_47 de logging_2, hauteur 121
[Tick 731] Nouveau bloc accepté: logging_1_46 de logging_0, hauteur 122
[Tick 731] Nouveau bloc accepté: logging_2_48 de basic_0, hauteur 122
[Tick 731] Nouveau bloc accepté: conservative_0_35 de conservative_0, hauteur 123
[Tick 733] Nouveau bloc accepté: EMKAMA_0_74 de EMKAMA_0, hauteur 75
[Tick 734] Nouveau bloc accepté: greedy_0_71 de logging_0, hauteur 123
[Tick 738] Nouveau bloc accepté: logging_3_50 de greedy_1, hauteur 124
[Tick 739] Nouveau bloc accepté: basic_0_51 de logging_2, hauteur 124
[Tick 740] Tentative de minage au tick 740
[Tick 740] Nouveau bloc accepté: greedy_0_72 de logging_2, hauteur 124
[Tick 741] Bloc rejeté: logging_4_47 de logging_3
[Tick 743] Nouveau bloc accepté: logging_0_51 de logging_2, hauteur 124
[Tick 745] Choix du parent: logging_4_47 (hauteur 124)
[Tick 746] Nouveau bloc accepté: greedy_1_71 de greedy_1, hauteur 125
[Tick 746] Nouveau bloc accepté: logging_1_47 de greedy_1, hauteur 125
[Tick 748] Nouveau bloc accepté: logging_2_49 de logging_3, hauteur 125
[Tick 750] Tentative de minage au tick 750
[Tick 750] Nouveau bloc accepté: greedy_0_73 de greedy_0, hauteur 126
[Tick 751] Nouveau bloc accepté: EMKAMA_0_75 de EMKAMA_0, hauteur 76
[Tick 753] Bloc rejeté: logging_4_48 de logging_2
[Tick 753] Nouveau bloc accepté: logging_1_48 de logging_0, hauteur 126
[Tick 755] Nouveau bloc accepté: logging_0_52 de logging_0, hauteur 126
[Tick 755] Nouveau bloc accepté: logging_2_50 de EMKAMA_0, hauteur 126
[Tick 757] Nouveau bloc accepté: greedy_1_72 de logging_1, hauteur 126
[Tick 757] Nouveau bloc accepté: greedy_1_73 de EMKAMA_0, hauteur 127
[Tick 758] Nouveau bloc accepté: EMKAMA_0_76 de EMKAMA_0, hauteur 77
[Tick 759] Choix du parent: greedy_1_73 (hauteur 127)
[Tick 759] Nouveau bloc accepté: logging_3_51 de logging_3, hauteur 126
[Tick 760] Tentative de minage au tick 760
[Tick 760] Nouveau bloc accepté: basic_0_52 de greedy_1, hauteur 126
[Tick 760] Nouveau bloc accepté: logging_2_51 de logging_1, hauteur 128
[Tick 760] Bloc rejeté: logging_4_49 de EMKAMA_0
[Tick 761] Nouveau bloc accepté: conservative_0_36 de conservative_0, hauteur 126
[Tick 764] Nouveau bloc accepté: greedy_0_74 de greedy_0, hauteur 128
[Tick 765] Nouveau bloc accepté: conservative_0_37 de conservative_0, hauteur 129
[Tick 767] Choix du parent: conservative_0_37 (hauteur 129)
[Tick 767] Nouveau bloc accepté: EMKAMA_0_77 de EMKAMA_0, hauteur 78
[Tick 767] Bloc rejeté: logging_1_49 de logging_1
[Tick 768] Nouveau bloc accepté: basic_0_53 de greedy_1, hauteur 129
[Tick 769] Nouveau bloc accepté: logging_3_52 de logging_3, hauteur 130
[Tick 770] Tentative de minage au tick 770
[Tick 771] Nouveau bloc accepté: logging_0_53 de logging_1, hauteur 129
[Tick 773] Nouveau bloc accepté: greedy_0_75 de greedy_0, hauteur 131
[Tick 774] Bloc rejeté: logging_4_50 de EMKAMA_0
[Tick 776] Nouveau bloc accepté: greedy_1_74 de greedy_1, hauteur 129
[Tick 778] Nouveau bloc accepté: EMKAMA_0_78 de EMKAMA_0, hauteur 79
[Tick 779] Nouveau bloc accepté: logging_2_52 de logging_0, hauteur 130
[Tick 779] Nouveau bloc accepté: logging_3_53 de logging_0, hauteur 131
[Tick 779] Nouveau bloc accepté: logging_2_53 de greedy_1, hauteur 131
[Tick 779] Nouveau bloc accepté: greedy_0_76 de greedy_0, hauteur 132
[Tick 780] Tentative de minage au tick 780
[Tick 782] Choix du parent: greedy_0_76 (hauteur 132)
[Tick 784] Nouveau bloc accepté: logging_1_50 de logging_1, hauteur 132
[Tick 785] Bloc rejeté: logging_4_51 de logging_0
[Tick 786] Nouveau bloc accepté: greedy_1_75 de logging_3, hauteur 132
[Tick 787] Nouveau bloc accepté: greedy_1_76 de greedy_1, hauteur 133
[Tick 787] Bloc rejeté: logging_0_54 de logging_3
[Tick 789] Nouveau bloc accepté: basic_0_54 de logging_0, hauteur 132
[Tick 790] Tentative de minage au tick 790
[Tick 790] Nouveau bloc accepté: greedy_0_77 de greedy_0, hauteur 133
[Tick 791] Nouveau bloc accepté: greedy_0_78 de greedy_0, hauteur 134
[Tick 792] Nouveau bloc accepté: EMKAMA_0_79 de logging_2, hauteur 80
[Tick 793] Nouveau bloc accepté: greedy_1_77 de greedy_1, hauteur 134
[Tick 795] Nouveau bloc accepté: logging_2_54 de logging_2, hauteur 135
[Tick 798] Choix du parent: logging_2_54 (hauteur 135)
[Tick 799] Bloc rejeté: logging_3_54 de logging_3
[Tick 799] Nouveau bloc accepté: conservative_0_38 de greedy_1, hauteur 135
[Tick 800] Tentative de minage au tick 800
[Tick 800] Nouveau bloc accepté: basic_0_55 de greedy_1, hauteur 134
[Tick 800] Nouveau bloc accepté: logging_1_51 de greedy_0, hauteur 134
[Tick 801] Nouveau bloc accepté: EMKAMA_0_80 de logging_1, hauteur 81
[Tick 803] Bloc rejeté: logging_4_52 de logging_0
[Tick 806] Nouveau bloc accepté: greedy_0_79 de logging_2, hauteur 135
[Tick 808] Nouveau bloc accepté: greedy_1_78 de basic_0, hauteur 136
[Tick 808] Nouveau bloc accepté: logging_2_55 de logging_2, hauteur 136
[Tick 809] Choix du parent: logging_4_52 (hauteur 136)
[Tick 810] Tentative de minage au tick 810
[Tick 810] Nouveau bloc accepté: EMKAMA_0_81 de greedy_1, hauteur 82
[Tick 812] Nouveau bloc accepté: greedy_1_79 de greedy_1, hauteur 137
[Tick 814] Nouveau bloc accepté: EMKAMA_0_82 de greedy_1, hauteur 83
[Tick 815] Bloc rejeté: logging_4_53 de EMKAMA_0
[Tick 816] Nouveau bloc accepté: logging_0_55 de logging_0, hauteur 137
[Tick 816] Nouveau bloc accepté: greedy_0_80 de greedy_1, hauteur 137
[Tick 817] Nouveau bloc accepté: basic_0_56 de basic_0, hauteur 137
[Tick 820] Tentative de minage au tick 820
[Tick 820] Choix du parent: logging_4_53 (hauteur 137)
[Tick 821] Nouveau bloc accepté: conservative_0_39 de conservative_0, hauteur 138
[Tick 821] Nouveau bloc accepté: EMKAMA_0_83 de logging_2, hauteur 84
[Tick 822] Nouveau bloc accepté: greedy_0_81 de greedy_1, hauteur 138
[Tick 823] Nouveau bloc accepté: logging_1_52 de EMKAMA_0, hauteur 137
[Tick 825] Nouveau bloc accepté: logging_3_55 de greedy_1, hauteur 138
[Tick 825] Nouveau bloc accepté: logging_2_56 de greedy_0, hauteur 138
[Tick 826] Bloc rejeté: logging_4_54 de basic_0
[Tick 828] Nouveau bloc accepté: basic_0_57 de basic_0, hauteur 139
[Tick 830] Tentative de minage au tick 830
[Tick 831] Nouveau bloc accepté: greedy_1_80 de greedy_0, hauteur 139
[Tick 832] Nouveau bloc accepté: logging_0_56 de logging_0, hauteur 139
[Tick 834] Nouveau bloc accepté: conservative_0_40 de greedy_0, hauteur 139
[Tick 834] Nouveau bloc accepté: greedy_0_82 de EMKAMA_0, hauteur 139
[Tick 834] Nouveau bloc accepté: logging_3_56 de greedy_1, hauteur 139
[Tick 834] Nouveau bloc accepté: EMKAMA_0_84 de logging_2, hauteur 85
[Tick 835] Bloc rejeté: logging_1_54 de logging_1
[Tick 836] Nouveau bloc accepté: greedy_1_81 de logging_3, hauteur 140
[Tick 836] Nouveau bloc accepté: basic_0_58 de basic_0, hauteur 140
[Tick 839] Nouveau bloc accepté: logging_1_53 de greedy_1, hauteur 140
[Tick 839] Nouveau bloc accepté: logging_2_57 de logging_2, hauteur 141
[Tick 840] Tentative de minage au tick 840
[Tick 841] Choix du parent: logging_1_54 (hauteur 141)
[Tick 846] Nouveau bloc accepté: logging_0_57 de logging_0, hauteur 141
[Tick 848] Nouveau bloc accepté: greedy_0_83 de logging_2, hauteur 141
[Tick 849] Bloc rejeté: logging_4_55 de logging_1
[Tick 850] Tentative de minage au tick 850
[Tick 850] Nouveau bloc accepté: EMKAMA_0_85 de EMKAMA_0, hauteur 86
[Tick 850] Nouveau bloc accepté: logging_0_58 de logging_3, hauteur 142
[Tick 854] Bloc rejeté: logging_2_58 de logging_2
[Tick 855] Bloc rejeté: logging_3_57 de logging_3
[Tick 855] Nouveau bloc accepté: greedy_1_82 de logging_2, hauteur 143
[Tick 856] Nouveau bloc accepté: logging_1_55 de EMKAMA_0, hauteur 143
[Tick 857] Nouveau bloc accepté: conservative_0_41 de conservative_0, hauteur 144
[Tick 858] Nouveau bloc accepté: basic_0_59 de basic_0, hauteur 144
[Tick 859] Nouveau bloc accepté: greedy_0_84 de EMKAMA_0, hauteur 143
[Tick 860] Tentative de minage au tick 860
[Tick 861] Choix du parent: logging_3_57 (hauteur 145)
[Tick 862] Nouveau bloc accepté: EMKAMA_0_86 de EMKAMA_0, hauteur 87
[Tick 862] Bloc rejeté: logging_4_56 de greedy_0
[Tick 867] Nouveau bloc accepté: greedy_1_83 de greedy_1, hauteur 145
[Tick 867] Nouveau bloc accepté: basic_0_60 de greedy_1, hauteur 145
[Tick 867] Nouveau bloc accepté: logging_2_59 de logging_2, hauteur 146
[Tick 867] Nouveau bloc accepté: logging_0_59 de logging_2, hauteur 146
[Tick 868] Nouveau bloc accepté: basic_0_61 de basic_0, hauteur 147
[Tick 870] Tentative de minage au tick 870
[Tick 870] Nouveau bloc accepté: logging_1_56 de logging_0, hauteur 145
[Tick 871] Nouveau bloc accepté: EMKAMA_0_87 de logging_2, hauteur 88
[Tick 871] Nouveau bloc accepté: logging_3_58 de EMKAMA_0, hauteur 147
[Tick 871] Nouveau bloc accepté: logging_1_57 de basic_0, hauteur 147
[Tick 872] Nouveau bloc accepté: conservative_0_42 de greedy_0, hauteur 146
[Tick 874] Nouveau bloc accepté: logging_2_60 de logging_2, hauteur 148
[Tick 876] Nouveau bloc accepté: greedy_0_85 de logging_0, hauteur 147
[Tick 878] Nouveau bloc accepté: greedy_1_84 de basic_0, hauteur 147
[Tick 880] Tentative de minage au tick 880
[Tick 880] Nouveau bloc accepté: EMKAMA_0_88 de EMKAMA_0, hauteur 89
[Tick 881] Choix du parent: logging_2_60 (hauteur 148)
[Tick 881] Nouveau bloc accepté: logging_1_58 de logging_1, hauteur 148
[Tick 881] Nouveau bloc accepté: EMKAMA_0_89 de EMKAMA_0, hauteur 90
[Tick 882] Nouveau bloc accepté: greedy_0_86 de EMKAMA_0, hauteur 149
[Tick 886] Nouveau bloc accepté: logging_0_60 de EMKAMA_0, hauteur 148
[Tick 888] Nouveau bloc accepté: logging_3_59 de logging_3, hauteur 149
[Tick 889] Nouveau bloc accepté: greedy_1_85 de EMKAMA_0, hauteur 150
[Tick 889] Nouveau bloc accepté: greedy_1_86 de greedy_1, hauteur 151
[Tick 889] Bloc rejeté: logging_4_57 de logging_0
[Tick 890] Tentative de minage au tick 890
[Tick 890] Nouveau bloc accepté: basic_0_62 de logging_0, hauteur 148
[Tick 894] Nouveau bloc accepté: logging_2_61 de logging_2, hauteur 151
[Tick 896] Nouveau bloc accepté: logging_0_61 de EMKAMA_0, hauteur 152
[Tick 897] Nouveau bloc accepté: logging_3_60 de logging_3, hauteur 150
[Tick 899] Nouveau bloc accepté: EMKAMA_0_90 de logging_2, hauteur 91
[Tick 899] Nouveau bloc accepté: greedy_0_87 de EMKAMA_0, hauteur 151
[Tick 900] Tentative de minage au tick 900
[Tick 902] Nouveau bloc accepté: greedy_1_87 de greedy_1, hauteur 153
[Tick 902] Nouveau bloc accepté: logging_1_59 de EMKAMA_0, hauteur 152
[Tick 904] Choix du parent: greedy_1_87 (hauteur 153)
[Tick 904] Nouveau bloc accepté: EMKAMA_0_91 de EMKAMA_0, hauteur 92
[Tick 905] Nouveau bloc accepté: conservative_0_43 de conservative_0, hauteur 152
[Tick 907] Nouveau bloc accepté: logging_3_61 de EMKAMA_0, hauteur 152
[Tick 908] Nouveau bloc accepté: logging_0_62 de greedy_1, hauteur 153
[Tick 909] Nouveau bloc accepté: EMKAMA_0_92 de EMKAMA_0, hauteur 93
[Tick 910] Tentative de minage au tick 910
[Tick 910] Nouveau bloc accepté: basic_0_63 de greedy_0, hauteur 154
[Tick 912] Nouveau bloc accepté: greedy_0_88 de greedy_0, hauteur 153
[Tick 912] Nouveau bloc accepté: conservative_0_44 de greedy_1, hauteur 154
[Tick 915] Nouveau bloc accepté: logging_3_62 de logging_3, hauteur 155
[Tick 916] Bloc rejeté: logging_4_58 de basic_0
[Tick 916] Bloc rejeté: logging_1_60 de EMKAMA_0
[Tick 919] Nouveau bloc accepté: logging_2_62 de logging_3, hauteur 155
[Tick 920] Tentative de minage au tick 920
[Tick 920] Bloc rejeté: EMKAMA_0_94 de logging_1
[Tick 921] Nouveau bloc accepté: EMKAMA_0_93 de EMKAMA_0, hauteur 94
[Tick 921] Nouveau bloc accepté: logging_0_63 de greedy_1, hauteur 155
[Tick 922] Nouveau bloc accepté: greedy_0_89 de greedy_0, hauteur 155
[Tick 923] Choix du parent: logging_1_60 (hauteur 156)
[Tick 923] Nouveau bloc accepté: greedy_1_88 de logging_2, hauteur 155
[Tick 923] Nouveau bloc accepté: greedy_0_90 de EMKAMA_0, hauteur 156
[Tick 924] Nouveau bloc accepté: basic_0_64 de greedy_1, hauteur 155
[Tick 924] Nouveau bloc accepté: logging_2_63 de EMKAMA_0, hauteur 156
[Tick 924] Nouveau bloc accepté: basic_0_65 de basic_0, hauteur 157
[Tick 927] Bloc rejeté: logging_4_59 de basic_0
[Tick 930] Tentative de minage au tick 930
[Tick 932] Nouveau bloc accepté: greedy_1_89 de logging_2, hauteur 156
[Tick 932] Nouveau bloc accepté: EMKAMA_0_95 de logging_0, hauteur 96
[Tick 932] Nouveau bloc accepté: greedy_0_91 de logging_2, hauteur 158
[Tick 934] Nouveau bloc accepté: logging_1_61 de logging_1, hauteur 157
[Tick 934] Nouveau bloc accepté: EMKAMA_0_96 de EMKAMA_0, hauteur 97
[Tick 934] Nouveau bloc accepté: logging_3_63 de greedy_1, hauteur 158
[Tick 937] Nouveau bloc accepté: logging_2_64 de logging_2, hauteur 159
[Tick 938] Nouveau bloc accepté: greedy_0_92 de greedy_0, hauteur 159
[Tick 938] Bloc rejeté: logging_1_62 de logging_1
[Tick 940] Tentative de minage au tick 940
[Tick 940] Nouveau bloc accepté: logging_0_64 de logging_0, hauteur 157
[Tick 941] Choix du parent: logging_2_64 (hauteur 159)
[Tick 941] Nouveau bloc accepté: basic_0_66 de greedy_1, hauteur 158
[Tick 942] Nouveau bloc accepté: conservative_0_45 de greedy_1, hauteur 158
[Tick 946] Nouveau bloc accepté: greedy_1_90 de greedy_1, hauteur 158
[Tick 947] Nouveau bloc accepté: EMKAMA_0_97 de greedy_1, hauteur 98
[Tick 949] Nouveau bloc accepté: EMKAMA_0_98 de logging_0, hauteur 99
[Tick 950] Tentative de minage au tick 950
[Tick 950] Nouveau bloc accepté: logging_2_65 de logging_2, hauteur 161
[Tick 950] Nouveau bloc accepté: logging_1_63 de EMKAMA_0, hauteur 160
[Tick 952] Nouveau bloc accepté: logging_3_64 de logging_3, hauteur 159
[Tick 957] Nouveau bloc accepté: basic_0_67 de basic_0, hauteur 160
[Tick 957] Bloc rejeté: logging_4_60 de basic_0
[Tick 957] Nouveau bloc accepté: greedy_1_92 de basic_0, hauteur 161
[Tick 959] Nouveau bloc accepté: greedy_1_91 de basic_0, hauteur 159
[Tick 960] Tentative de minage au tick 960
[Tick 960] Nouveau bloc accepté: conservative_0_46 de conservative_0, hauteur 161
[Tick 960] Nouveau bloc accepté: logging_0_65 de basic_0, hauteur 161
[Tick 961] Nouveau bloc accepté: greedy_0_93 de greedy_0, hauteur 160
[Tick 963] Choix du parent: logging_2_65 (hauteur 161)
[Tick 965] Nouveau bloc accepté: logging_1_64 de logging_1, hauteur 162
[Tick 965] Nouveau bloc accepté: greedy_0_94 de basic_0, hauteur 162
[Tick 967] Nouveau bloc accepté: EMKAMA_0_99 de logging_2, hauteur 100
[Tick 968] Nouveau bloc accepté: logging_3_65 de greedy_1, hauteur 162
[Tick 968] Nouveau bloc accepté: logging_1_65 de logging_1, hauteur 163
[Tick 969] Nouveau bloc accepté: basic_0_68 de logging_1, hauteur 162
[Tick 970] Tentative de minage au tick 970
[Tick 971] Bloc rejeté: logging_3_66 de EMKAMA_0
[Tick 972] Nouveau bloc accepté: greedy_1_93 de logging_2, hauteur 163
[Tick 974] Bloc rejeté: logging_4_61 de logging_0
[Tick 975] Choix du parent: logging_3_66 (hauteur 164)
[Tick 975] Nouveau bloc accepté: logging_2_66 de EMKAMA_0, hauteur 163
[Tick 975] Nouveau bloc accepté: EMKAMA_0_100 de logging_1, hauteur 101
[Tick 976] Bloc rejeté: basic_0_69 de logging_3
[Tick 977] Nouveau bloc accepté: greedy_1_94 de logging_2, hauteur 164
[Tick 978] Nouveau bloc accepté: conservative_0_47 de conservative_0, hauteur 164
[Tick 980] Tentative de minage au tick 980
[Tick 981] Nouveau bloc accepté: logging_0_66 de EMKAMA_0, hauteur 164
[Tick 982] Nouveau bloc accepté: greedy_0_95 de greedy_0, hauteur 164
[Tick 984] Nouveau bloc accepté: EMKAMA_0_101 de EMKAMA_0, hauteur 102
[Tick 985] Nouveau bloc accepté: logging_2_67 de logging_2, hauteur 164
[Tick 986] Bloc rejeté: logging_4_62 de basic_0
[Tick 989] Bloc rejeté: greedy_0_96 de greedy_0
[Tick 989] Nouveau bloc accepté: basic_0_70 de basic_0, hauteur 166
[Tick 990] Tentative de minage au tick 990
[Tick 992] Bloc rejeté: logging_0_67 de logging_0
[Tick 993] Bloc rejeté: greedy_1_96 de greedy_1
[Tick 993] Nouveau bloc accepté: logging_1_66 de logging_0, hauteur 166
[Tick 994] Choix du parent: basic_0_70 (hauteur 166)
[Tick 994] Nouveau bloc accepté: greedy_1_95 de greedy_1, hauteur 166
[Tick 994] Nouveau bloc accepté: logging_3_67 de logging_2, hauteur 166
[Tick 996] Nouveau bloc accepté: logging_2_68 de logging_2, hauteur 167
[Tick 998] Nouveau bloc accepté: greedy_1_97 de greedy_1, hauteur 168
[Tick 1000] Tentative de minage au tick 1000

